sequence,sample_time_s,device_time_s,system_time_s,age_s,x_m,y_m,z_m,qx,qy,qz,qw
239,595739.657224000,496490.933923000,1791356067.906991959,0.040472,0.001584409,-0.006528701,-0.002537593,0.002150615,0.009918408,-0.004682320,0.999937536
240,595739.673891000,496490.950590000,1791356067.923660040,0.024556,0.001584365,-0.006529177,-0.002551569,0.002100439,0.009829505,-0.004694913,0.999938461
241,595739.690559000,496490.967257000,1791356067.940326929,0.028302,0.001581583,-0.006530758,-0.002594864,0.002051246,0.009740948,-0.004699488,0.999939409
242,595739.707226000,496490.983924000,1791356067.956994057,0.026995,0.001575566,-0.006533865,-0.002666230,0.002000236,0.009654340,-0.004706868,0.999940317
243,595739.723893000,496491.000592000,1791356067.973660946,0.030813,0.001618933,-0.006443084,-0.002817653,0.002072391,0.010144711,-0.004705503,0.999935322
244,595739.740560000,496491.017259000,1791356067.990329027,0.024495,0.001601452,-0.006436286,-0.002542997,0.003403994,0.011067303,-0.004693353,0.999921947
245,595739.757227000,496491.033926000,1791356068.006995916,0.028192,0.001551812,-0.006539116,-0.002507205,0.003947349,0.010409314,-0.004668152,0.999927134
246,595739.773895000,496491.050593000,1791356068.023663044,0.026862,0.001546379,-0.006492757,-0.002544988,0.002379277,0.009145188,-0.004684644,0.999944378
247,595739.790562000,496491.067261000,1791356068.040329933,0.030681,0.001570256,-0.006427861,-0.002536630,0.002152149,0.009341211,-0.004700801,0.999943005
248,595739.807229000,496491.083928000,1791356068.056998014,0.029459,0.001571342,-0.006448065,-0.002538049,0.002649555,0.009633529,-0.004693615,0.999939071
249,595739.823896000,496491.100595000,1791356068.073664904,0.028220,0.001620272,-0.006448146,-0.002515447,0.002492161,0.010342000,-0.004695872,0.999932388
250,595739.840564000,496491.117262000,1791356068.090332031,0.026971,0.001583446,-0.006422002,-0.002523083,0.001998083,0.010117986,-0.004700405,0.999935768
251,595739.857231000,496491.133930000,1791356068.106998920,0.025742,0.001526857,-0.006411235,-0.002474684,0.002228124,0.009686934,-0.004698737,0.999939558
252,595739.873898000,496491.150597000,1791356068.123667002,0.029696,0.001566678,-0.006414963,-0.002423639,0.002479977,0.010692084,-0.004702448,0.999928705
253,595739.890565000,496491.167264000,1791356068.140333891,0.028974,0.001564561,-0.006434113,-0.002404107,0.002378503,0.010631358,-0.004699294,0.999929614
254,595739.907233000,496491.183931000,1791356068.157001019,0.027781,0.001596338,-0.006386905,-0.002415460,0.002193946,0.010487931,-0.004714168,0.999931481
255,595739.923900000,496491.200598000,1791356068.173667908,0.026765,0.001593901,-0.006357895,-0.002404289,0.002206509,0.010674964,-0.004717507,0.999929458
256,595739.940567000,496491.217266000,1791356068.190335989,0.030761,0.001598564,-0.006315337,-0.002378303,0.002188437,0.010652234,-0.004724836,0.999929706
257,595739.957234000,496491.233933000,1791356068.207003117,0.024571,0.001605627,-0.006319380,-0.002378229,0.002205811,0.010649272,-0.004723158,0.999929707
258,595739.973901000,496491.250600000,1791356068.223670006,0.028620,0.001622869,-0.006318832,-0.002386371,0.002232062,0.010663518,-0.004719858,0.999929513
259,595739.990569000,496491.267267000,1791356068.240336895,0.027499,0.001621722,-0.006323999,-0.002378366,0.002253857,0.010635356,-0.004715094,0.999929786
260,595740.007236000,496491.283935000,1791356068.257004976,0.026197,0.001629765,-0.006318739,-0.002380983,0.002249196,0.010627376,-0.004720229,0.999929857
261,595740.023903000,496491.300602000,1791356068.273672104,0.029889,0.001638137,-0.006249464,-0.002317326,0.002166936,0.010698384,-0.004740607,0.999929185
262,595740.040570000,496491.317269000,1791356068.290338993,0.023450,0.001637625,-0.006234148,-0.002317490,0.002155937,0.010659845,-0.004740398,0.999929622
263,595740.057237000,496491.333936000,1791356068.307005882,0.027261,0.001643137,-0.006222664,-0.002317449,0.002144210,0.010641139,-0.004746234,0.999929818
264,595740.073905000,496491.350603000,1791356068.323673964,0.031007,0.001605744,-0.006234176,-0.002335024,0.002130213,0.010530115,-0.004741889,0.999931044
265,595740.090572000,496491.367271000,1791356068.340341091,0.025190,0.001642100,-0.006222298,-0.002342148,0.002121416,0.010573863,-0.004743134,0.999930595
266,595740.107239000,496491.383938000,1791356068.357007980,0.029011,0.001687185,-0.006223670,-0.002313273,0.002104961,0.010648588,-0.004747511,0.999929816
267,595740.123906000,496491.400605000,1791356068.373675108,0.027726,0.001688212,-0.006209675,-0.002311342,0.002069717,0.010569963,-0.004745429,0.999930734
268,595740.140574000,496491.417272000,1791356068.390342951,0.026440,0.001703538,-0.006213688,-0.002309433,0.002092741,0.010581164,-0.004741851,0.999930585
269,595740.157241000,496491.433939000,1791356068.407010078,0.025130,0.001695054,-0.006220783,-0.002324783,0.002127566,0.010572785,-0.004737157,0.999930622
270,595740.173908000,496491.450607000,1791356068.423676968,0.028837,0.001714280,-0.006226334,-0.002339982,0.002145649,0.010584366,-0.004738349,0.999930455
271,595740.190575000,496491.467274000,1791356068.440344095,0.027454,0.001716370,-0.006237038,-0.002355371,0.002169417,0.010573503,-0.004738305,0.999930519
272,595740.207243000,496491.483941000,1791356068.457011938,0.031133,0.001733558,-0.006247328,-0.002362665,0.002156925,0.010590990,-0.004728027,0.999930410
273,595740.223910000,496491.500608000,1791356068.473679066,0.024713,0.001724622,-0.006240668,-0.002366165,0.002138520,0.010561717,-0.004727991,0.999930759
274,595740.240577000,496491.517276000,1791356068.490345955,0.028389,0.001744471,-0.006255407,-0.002370382,0.002136394,0.010568544,-0.004727700,0.999930693
275,595740.257244000,496491.533943000,1791356068.507013083,0.027101,0.001757151,-0.006305110,-0.002381038,0.002149634,0.010569331,-0.004722028,0.999930683
276,595740.273911000,496491.550610000,1791356068.523679972,0.025794,0.001793288,-0.006372403,-0.002368096,0.002132493,0.010586216,-0.004710637,0.999930595
277,595740.290579000,496491.567277000,1791356068.540348053,0.030382,0.001798787,-0.006422332,-0.002351040,0.002106442,0.010576341,-0.004693012,0.999930837
278,595740.307246000,496491.583945000,1791356068.557014942,0.029710,0.001787953,-0.006570341,-0.002321987,0.002079519,0.010585878,-0.004657515,0.999930959
279,595740.323913000,496491.600612000,1791356068.573682070,0.028409,0.001817701,-0.006593467,-0.002345734,0.002077786,0.010599916,-0.004647784,0.999930859
280,595740.340580000,496491.617279000,1791356068.590348959,0.027345,0.001841351,-0.006643213,-0.002348035,0.002075258,0.010599001,-0.004630793,0.999930953
281,595740.357248000,496491.633946000,1791356068.607017040,0.031253,0.001850971,-0.006779978,-0.002365976,0.002064555,0.010599999,-0.004602057,0.999931097
282,595740.373915000,496491.650614000,1791356068.623683929,0.024918,0.001861577,-0.006792473,-0.002355897,0.002058329,0.010598875,-0.004590666,0.999931174
283,595740.390582000,496491.667281000,1791356068.640351057,0.028633,0.001878432,-0.006878138,-0.002353892,0.002050726,0.010599253,-0.004563795,0.999931309
284,595740.407249000,496491.683948000,1791356068.657017946,0.032489,0.001863402,-0.007107080,-0.002358496,0.002049643,0.010598785,-0.004509661,0.999931561
285,595740.423917000,496491.700615000,1791356068.673686028,0.031291,0.001875733,-0.007288761,-0.002324497,0.002083395,0.010611769,-0.004465702,0.999931551
286,595740.440584000,496491.717283000,1791356068.690352917,0.024959,0.001913359,-0.007364586,-0.002304808,0.002095459,0.010622904,-0.004442172,0.999931513
287,595740.457251000,496491.733950000,1791356068.707020044,0.028744,0.001909252,-0.007536924,-0.002332986,0.002088140,0.010609542,-0.004406059,0.999931830
288,595740.473918000,496491.750617000,1791356068.723686934,0.027453,0.001909778,-0.007561056,-0.002335038,0.002083963,0.010597611,-0.004392362,0.999932025
289,595740.490586000,496491.767284000,1791356068.740355015,0.026148,0.001901003,-0.007631144,-0.002355937,0.002105479,0.010589999,-0.004376701,0.999932129
290,595740.507253000,496491.783951000,1791356068.757021904,0.024861,0.001915129,-0.007705800,-0.002376884,0.002104836,0.010593372,-0.004361774,0.999932160
291,595740.523920000,496491.800619000,1791356068.773689032,0.024068,0.001933686,-0.007766552,-0.002372972,0.002107250,0.010597336,-0.004340191,0.999932207
292,595740.540587000,496491.817286000,1791356068.790355921,0.027916,0.001982175,-0.007938010,-0.002403132,0.002101489,0.010598266,-0.004296601,0.999932398
293,595740.557255000,496491.833953000,1791356068.807023048,0.026668,0.001981584,-0.008050516,-0.002433627,0.002084047,0.010581428,-0.004270601,0.999932724
294,595740.573922000,496491.850620000,1791356068.823690891,0.025379,0.001983305,-0.008107198,-0.002463517,0.002072624,0.010584176,-0.004256846,0.999932777
295,595740.590589000,496491.867288000,1791356068.840358019,0.029141,0.001962737,-0.008126465,-0.002498768,0.002070690,0.010579736,-0.004245657,0.999932876
296,595740.607256000,496491.883955000,1791356068.857024908,0.027849,0.001952198,-0.008154035,-0.002516399,0.002075797,0.010568995,-0.004241642,0.999932996
297,595740.623924000,496491.900622000,1791356068.873692036,0.031807,0.001958697,-0.008081773,-0.002415507,0.001997772,0.010627791,-0.004252379,0.999932486
298,595740.640591000,496491.917289000,1791356068.890360117,0.035648,0.001986349,-0.008089193,-0.002421602,0.001996063,0.010624789,-0.004248986,0.999932536
299,595740.657258000,496491.933957000,1791356068.907027006,0.029258,0.002013823,-0.008093556,-0.002423762,0.001996428,0.010638787,-0.004237504,0.999932435
300,595740.673925000,496491.950624000,1791356068.923693895,0.027942,0.002122641,-0.008387493,-0.002656247,0.001994355,0.010650425,-0.004168944,0.999932603
301,595740.690593000,496491.967291000,1791356068.940361023,0.026656,0.002163090,-0.008406736,-0.002667397,0.002006729,0.010649244,-0.004165902,0.999932604
302,595740.707260000,496491.983958000,1791356068.957027912,0.030393,0.002175524,-0.008413053,-0.002685722,0.002007728,0.010631623,-0.004159855,0.999932814
303,595740.723927000,496492.000626000,1791356068.973695993,0.029399,0.002178738,-0.008409736,-0.002730229,0.002033195,0.010621524,-0.004162015,0.999932861
304,595740.740594000,496492.017293000,1791356068.990362883,0.028019,0.002183061,-0.008411484,-0.002728924,0.002051726,0.010606043,-0.004160472,0.999932994
305,595740.757261000,496492.033960000,1791356069.007030010,0.026624,0.002170250,-0.008408403,-0.002728428,0.002061602,0.010579200,-0.004162392,0.999933250
306,595740.773929000,496492.050627000,1791356069.023696899,0.025241,0.002144524,-0.008370425,-0.002723360,0.002069556,0.010558069,-0.004175963,0.999933401
307,595740.790596000,496492.067295000,1791356069.040364981,0.023880,0.002126156,-0.008341736,-0.002712968,0.002073845,0.010551713,-0.004180380,0.999933440
308,595740.807263000,496492.083962000,1791356069.057032108,0.027577,0.002123468,-0.008256683,-0.002678164,0.002077148,0.010555305,-0.004203084,0.999933300
309,595740.823930000,496492.100629000,1791356069.073698997,0.026174,0.002130300,-0.008284584,-0.002678251,0.002083246,0.010541099,-0.004196568,0.999933465
310,595740.840598000,496492.117296000,1791356069.090365887,0.024753,0.002147343,-0.008320585,-0.002680244,0.002092328,0.010539474,-0.004189248,0.999933494
311,595740.857265000,496492.133964000,1791356069.107033968,0.028424,0.002148907,-0.008350004,-0.002673412,0.002092391,0.010527654,-0.004184546,0.999933638
312,595740.873932000,496492.150631000,1791356069.123701096,0.027166,0.002139361,-0.008335267,-0.002658112,0.002086003,0.010529406,-0.004186766,0.999933623
313,595740.890599000,496492.167298000,1791356069.140367985,0.031268,0.002153482,-0.008214659,-0.002585893,0.002080897,0.010549214,-0.004215047,0.999933306
314,595740.907267000,496492.183965000,1791356069.157035112,0.025113,0.002185174,-0.008239195,-0.002575171,0.002073340,0.010557812,-0.004211041,0.999933248
315,595740.923934000,496492.200632000,1791356069.173702002,0.023863,0.002203395,-0.008275091,-0.002569240,0.002063886,0.010555145,-0.004196099,0.999933359
316,595740.940601000,496492.217300000,1791356069.190370083,0.028045,0.002199230,-0.008303549,-0.002569920,0.002071077,0.010548847,-0.004188464,0.999933442
317,595740.957268000,496492.233967000,1791356069.207036972,0.026684,0.002173048,-0.008323147,-0.002571966,0.002069828,0.010534560,-0.004183961,0.999933614
318,595740.973936000,496492.250634000,1791356069.223704100,0.025358,0.002171127,-0.008359979,-0.002564854,0.002087683,0.010541723,-0.004186262,0.999933492
319,595740.990603000,496492.267301000,1791356069.240370989,0.029064,0.002137435,-0.008272561,-0.002530909,0.002071109,0.010546731,-0.004208806,0.999933379
320,595741.007270000,496492.283969000,1791356069.257038116,0.027751,0.002155852,-0.008265094,-0.002527366,0.002070291,0.010550759,-0.004211835,0.999933326
321,595741.023937000,496492.300636000,1791356069.273705959,0.026497,0.002165291,-0.008276063,-0.002527406,0.002076597,0.010555594,-0.004205358,0.999933289
322,595741.040604000,496492.317303000,1791356069.290373087,0.025236,0.002153354,-0.008237765,-0.002553770,0.002070611,0.010549388,-0.004209300,0.999933350
323,595741.057272000,496492.333970000,1791356069.307039976,0.029014,0.002155544,-0.008226656,-0.002593617,0.002087055,0.010536479,-0.004210637,0.999933446
324,595741.073939000,496492.350638000,1791356069.323707104,0.027686,0.002155622,-0.008231165,-0.002584041,0.002074395,0.010534865,-0.004207582,0.999933503
325,595741.090606000,496492.367305000,1791356069.340374947,0.031430,0.002154915,-0.008272345,-0.002608758,0.002085927,0.010531784,-0.004203248,0.999933529
326,595741.107273000,496492.383972000,1791356069.357042074,0.025122,0.002152815,-0.008275693,-0.002601968,0.002079622,0.010536388,-0.004206543,0.999933480
327,595741.123941000,496492.400639000,1791356069.373708963,0.028924,0.002138553,-0.008183039,-0.002588455,0.002067231,0.010545977,-0.004232120,0.999933297
328,595741.140608000,496492.417307000,1791356069.390376091,0.028050,0.002129802,-0.008121845,-0.002592538,0.002071134,0.010537567,-0.004247204,0.999933313
329,595741.157275000,496492.433974000,1791356069.407043934,0.026803,0.002125935,-0.008088155,-0.002603978,0.002072530,0.010527802,-0.004254990,0.999933380
330,595741.173942000,496492.450641000,1791356069.423711061,0.025651,0.002111313,-0.008067535,-0.002607656,0.002073105,0.010522427,-0.004256807,0.999933428
331,595741.190610000,496492.467308000,1791356069.440377951,0.029549,0.002130758,-0.008066223,-0.002600334,0.002076119,0.010524983,-0.004260528,0.999933379
332,595741.207277000,496492.483976000,1791356069.457045078,0.028301,0.002119115,-0.008043940,-0.002603253,0.002068549,0.010514653,-0.004266503,0.999933478
333,595741.223944000,496492.500643000,1791356069.473712921,0.027001,0.002089618,-0.008000409,-0.002618101,0.002064177,0.010508496,-0.004279753,0.999933495
334,595741.240611000,496492.517310000,1791356069.490380049,0.030913,0.002085503,-0.007973063,-0.002620121,0.002066407,0.010508589,-0.004286710,0.999933460
335,595741.257279000,496492.533977000,1791356069.507046938,0.024563,0.002108914,-0.007951010,-0.002636806,0.002066152,0.010517670,-0.004288517,0.999933357
336,595741.273946000,496492.550644000,1791356069.523714066,0.028257,0.002133100,-0.007926740,-0.002638303,0.002059900,0.010519234,-0.004289957,0.999933347
337,595741.290613000,496492.567312000,1791356069.540381908,0.026878,0.002133636,-0.007881102,-0.002652782,0.002052015,0.010511454,-0.004291274,0.999933440
338,595741.307280000,496492.583979000,1791356069.557049036,0.025557,0.002123078,-0.007862082,-0.002667050,0.002058202,0.010507851,-0.004297576,0.999933438
339,595741.323948000,496492.600646000,1791356069.573715925,0.024273,0.002108488,-0.007875033,-0.002673076,0.002066435,0.010503839,-0.004297382,0.999933464
340,595741.340615000,496492.617313000,1791356069.590383053,0.028308,0.002094730,-0.007880356,-0.002675522,0.002073254,0.010501785,-0.004296328,0.999933476
341,595741.357282000,496492.633981000,1791356069.607050896,0.027709,0.002094243,-0.007893479,-0.002672361,0.002073168,0.010507321,-0.004293118,0.999933431
342,595741.373949000,496492.650648000,1791356069.623718023,0.026416,0.002087052,-0.007894196,-0.002667177,0.002077091,0.010500576,-0.004295794,0.999933483
343,595741.390616000,496492.667315000,1791356069.640384912,0.025111,0.002101020,-0.007902431,-0.002666712,0.002079370,0.010499894,-0.004297098,0.999933479
344,595741.407284000,496492.683982000,1791356069.657052040,0.028861,0.002119687,-0.007899021,-0.002667738,0.002072708,0.010501171,-0.004297574,0.999933478
345,595741.423951000,496492.700650000,1791356069.673719883,0.027586,0.002126660,-0.007908548,-0.002668898,0.002068936,0.010499592,-0.004295985,0.999933509
346,595741.440618000,496492.717317000,1791356069.690387011,0.026365,0.002131826,-0.007893529,-0.002660472,0.002073989,0.010503539,-0.004296392,0.999933455
347,595741.457285000,496492.733984000,1791356069.707053900,0.025162,0.002142222,-0.007869958,-0.002658322,0.002069630,0.010504005,-0.004302479,0.999933433
348,595741.473952000,496492.750651000,1791356069.723721027,0.023921,0.002141069,-0.007856258,-0.002660408,0.002066384,0.010499298,-0.004303249,0.999933486
349,595741.490620000,496492.767318000,1791356069.740387917,0.027734,0.002156451,-0.007853584,-0.002662587,0.002067740,0.010510080,-0.004308435,0.999933348
350,595741.507287000,496492.783986000,1791356069.757055998,0.026406,0.002175854,-0.007843960,-0.002671640,0.002069907,0.010513076,-0.004308019,0.999933314
351,595741.523954000,496492.800653000,1791356069.773722887,0.025080,0.002193125,-0.007843219,-0.002665693,0.002061899,0.010507407,-0.004312660,0.999933370
352,595741.540621000,496492.817320000,1791356069.790390015,0.023831,0.002188381,-0.007814707,-0.002662740,0.002055768,0.010500774,-0.004313226,0.999933450
353,595741.557288000,496492.833987000,1791356069.807056904,0.027644,0.002178976,-0.007798181,-0.002663152,0.002064861,0.010496677,-0.004311384,0.999933482
354,595741.573956000,496492.850654000,1791356069.823724985,0.026697,0.002184661,-0.007814864,-0.002657715,0.002079855,0.010495045,-0.004314921,0.999933453
355,595741.590623000,496492.867322000,1791356069.840392113,0.025354,0.002181491,-0.007822903,-0.002638053,0.002069658,0.010497953,-0.004313595,0.999933449
356,595741.607290000,496492.883989000,1791356069.857059002,0.029044,0.002166181,-0.007834305,-0.002615058,0.002063196,0.010497737,-0.004305825,0.999933498
357,595741.623957000,496492.900656000,1791356069.873725891,0.027718,0.002151000,-0.007826168,-0.002600765,0.002065240,0.010500401,-0.004306660,0.999933462
358,595741.640625000,496492.917323000,1791356069.890393972,0.026399,0.002142948,-0.007829977,-0.002589193,0.002062846,0.010496592,-0.004313029,0.999933480
359,595741.657292000,496492.933991000,1791356069.907061100,0.025113,0.002163821,-0.007815688,-0.002585609,0.002058077,0.010506374,-0.004316723,0.999933371
360,595741.673959000,496492.950658000,1791356069.923727989,0.028897,0.002175650,-0.007803809,-0.002574942,0.002060066,0.010503722,-0.004317829,0.999933390
361,595741.690626000,496492.967325000,1791356069.940395117,0.027574,0.002186593,-0.007785737,-0.002571874,0.002059843,0.010502367,-0.004322677,0.999933384
362,595741.707294000,496492.983992000,1791356069.957062960,0.026255,0.002183681,-0.007781532,-0.002568661,0.002052086,0.010493130,-0.004326949,0.999933478
363,595741.723961000,496493.000660000,1791356069.973730087,0.030003,0.002193813,-0.007799012,-0.002567958,0.002054791,0.010496328,-0.004324727,0.999933449
364,595741.740628000,496493.017327000,1791356069.990396976,0.028706,0.002189993,-0.007805789,-0.002580084,0.002051889,0.010490678,-0.004322032,0.999933526
365,595741.757295000,496493.033994000,1791356070.007064104,0.027467,0.002174307,-0.007799623,-0.002579241,0.002043484,0.010481476,-0.004320443,0.999933646
366,595741.773963000,496493.050661000,1791356070.023731947,0.026382,0.002171421,-0.007775484,-0.002579515,0.002046934,0.010482452,-0.004320553,0.999933628
367,595741.790630000,496493.067329000,1791356070.040399075,0.026161,0.002201316,-0.007742870,-0.002561972,0.002047073,0.010490260,-0.004329484,0.999933508
368,595741.807297000,496493.083996000,1791356070.057065964,0.025023,0.002211540,-0.007733527,-0.002556817,0.002045233,0.010488022,-0.004329907,0.999933533
369,595741.823964000,496493.100663000,1791356070.073733091,0.028954,0.002233533,-0.007701784,-0.002547446,0.002038235,0.010492179,-0.004337623,0.999933470
370,595741.840632000,496493.117330000,1791356070.090399981,0.027803,0.002248939,-0.007695608,-0.002547646,0.002040436,0.010492684,-0.004339439,0.999933453
371,595741.857299000,496493.133998000,1791356070.107068062,0.026686,0.002251460,-0.007684981,-0.002551479,0.002044853,0.010487690,-0.004340536,0.999933491
372,595741.873966000,496493.150665000,1791356070.123734951,0.025574,0.002265077,-0.007696751,-0.002541138,0.002047453,0.010497254,-0.004341107,0.999933383
373,595741.890633000,496493.167332000,1791356070.140402079,0.024310,0.002280203,-0.007705622,-0.002538043,0.002042998,0.010494501,-0.004339119,0.999933430
374,595741.907301000,496493.183999000,1791356070.157068968,0.028096,0.002292448,-0.007708682,-0.002535930,0.002036336,0.010492955,-0.004332345,0.999933489
375,595741.923968000,496493.200666000,1791356070.173736095,0.026774,0.002289116,-0.007697292,-0.002522659,0.002047285,0.010492886,-0.004335440,0.999933454
376,595741.940635000,496493.217334000,1791356070.190403938,0.025448,0.002298813,-0.007690518,-0.002522047,0.002044719,0.010494789,-0.004335029,0.999933441
377,595741.957302000,496493.234001000,1791356070.207071066,0.029192,0.002298290,-0.007665632,-0.002520915,0.002051467,0.010491991,-0.004343521,0.999933419
378,595741.973969000,496493.250668000,1791356070.223737955,0.027884,0.002300802,-0.007663128,-0.002508284,0.002054195,0.010488115,-0.004347901,0.999933436
379,595741.990637000,496493.267335000,1791356070.240405083,0.027203,0.002290922,-0.007634890,-0.002498474,0.002040022,0.010484202,-0.004350769,0.999933493
380,595742.007304000,496493.284003000,1791356070.257072926,0.025818,0.002298134,-0.007631332,-0.002499653,0.002036894,0.010483245,-0.004349544,0.999933515
381,595742.023971000,496493.300670000,1791356070.273740053,0.029524,0.002297221,-0.007646049,-0.002521537,0.002048203,0.010486132,-0.004344562,0.999933483
382,595742.040638000,496493.317337000,1791356070.290406942,0.028260,0.002309198,-0.007659371,-0.002535475,0.002063420,0.010486260,-0.004347384,0.999933438
383,595742.057306000,496493.334004000,1791356070.307074070,0.027045,0.002307451,-0.007649666,-0.002544898,0.002059032,0.010470792,-0.004351112,0.999933593
384,595742.073973000,496493.350671000,1791356070.323741913,0.025703,0.002306439,-0.007614944,-0.002553607,0.002054713,0.010465617,-0.004355913,0.999933635
385,595742.090640000,496493.367339000,1791356070.340409040,0.024325,0.002295181,-0.007622324,-0.002549642,0.002060219,0.010463182,-0.004361776,0.999933624
386,595742.107307000,496493.384006000,1791356070.357075930,0.028072,0.002275559,-0.007649489,-0.002549125,0.002060040,0.010457397,-0.004354911,0.999933715
387,595742.123974000,496493.400673000,1791356070.373743057,0.026824,0.002257915,-0.007679437,-0.002533729,0.002060126,0.010453365,-0.004350840,0.999933774
388,595742.140642000,496493.417340000,1791356070.390410900,0.025548,0.002254848,-0.007677754,-0.002536669,0.002059798,0.010458955,-0.004350104,0.999933720
389,595742.157309000,496493.434008000,1791356070.407078028,0.029306,0.002269354,-0.007666531,-0.002538028,0.002057609,0.010463752,-0.004351774,0.999933667
390,595742.173976000,496493.450675000,1791356070.423744917,0.028050,0.002274773,-0.007661085,-0.002552207,0.002055877,0.010462158,-0.004351572,0.999933688
391,595742.190643000,496493.467342000,1791356070.440412045,0.027266,0.002285580,-0.007656720,-0.002552752,0.002062323,0.010464158,-0.004350438,0.999933659
392,595742.207311000,496493.484009000,1791356070.457079887,0.025946,0.002262611,-0.007649060,-0.002543530,0.002055591,0.010452922,-0.004350460,0.999933790
393,595742.223978000,496493.500677000,1791356070.473747015,0.029696,0.002244900,-0.007644201,-0.002543283,0.002053074,0.010448959,-0.004352791,0.999933826
394,595742.240645000,496493.517344000,1791356070.490413904,0.028382,0.002251312,-0.007630227,-0.002516548,0.002051882,0.010454901,-0.004355638,0.999933754
395,595742.257312000,496493.534011000,1791356070.507081032,0.027064,0.002288020,-0.007626621,-0.002490538,0.002056112,0.010461435,-0.004361063,0.999933654
396,595742.273980000,496493.550678000,1791356070.523747921,0.025738,0.002334458,-0.007589179,-0.002487815,0.002052088,0.010467492,-0.004375086,0.999933537
397,595742.290647000,496493.567346000,1791356070.540416002,0.024422,0.002343279,-0.007574109,-0.002482404,0.002047152,0.010462788,-0.004375249,0.999933596
398,595742.307314000,496493.584013000,1791356070.557082891,0.028202,0.002320871,-0.007559391,-0.002492373,0.002050817,0.010449259,-0.004369710,0.999933754
399,595742.323981000,496493.600680000,1791356070.573750019,0.027107,0.002315700,-0.007550731,-0.002502129,0.002045948,0.010452005,-0.004367866,0.999933744
400,595742.340649000,496493.617347000,1791356070.590416908,0.025894,0.002321935,-0.007522038,-0.002512431,0.002040402,0.010455535,-0.004372313,0.999933699
401,595742.357316000,496493.634014000,1791356070.607084990,0.029664,0.002332893,-0.007492560,-0.002529227,0.002046555,0.010448219,-0.004383026,0.999933716
402,595742.373983000,496493.650682000,1791356070.623752117,0.028387,0.002331841,-0.007468939,-0.002532961,0.002050924,0.010446820,-0.004387579,0.999933701
403,595742.390650000,496493.667349000,1791356070.640419006,0.027554,0.002337186,-0.007431829,-0.002538978,0.002049795,0.010451308,-0.004387812,0.999933656
404,595742.407317000,496493.684016000,1791356070.657085896,0.026170,0.002339598,-0.007416619,-0.002546640,0.002050234,0.010447380,-0.004389410,0.999933689
405,595742.423985000,496493.700683000,1791356070.673753977,0.024762,0.002347645,-0.007406794,-0.002572608,0.002057070,0.010442507,-0.004392495,0.999933712
406,595742.440652000,496493.717351000,1791356070.690421104,0.028441,0.002355738,-0.007396146,-0.002584674,0.002048816,0.010438819,-0.004395828,0.999933753
407,595742.457319000,496493.734018000,1791356070.707087994,0.027073,0.002361817,-0.007375004,-0.002577281,0.002048978,0.010437046,-0.004402481,0.999933742
408,595742.473986000,496493.750685000,1791356070.723754883,0.025696,0.002356939,-0.007371720,-0.002569366,0.002052562,0.010433355,-0.004406483,0.999933755
409,595742.490654000,496493.767352000,1791356070.740422964,0.024339,0.002345323,-0.007378819,-0.002547510,0.002056211,0.010435622,-0.004406213,0.999933725
410,595742.507321000,496493.784020000,1791356070.757090092,0.028036,0.002338929,-0.007371217,-0.002543116,0.002055339,0.010432260,-0.004406264,0.999933762
411,595742.523988000,496493.800687000,1791356070.773756981,0.026737,0.002330941,-0.007363781,-0.002521786,0.002051235,0.010431395,-0.004406008,0.999933781
412,595742.540655000,496493.817354000,1791356070.790424109,0.025445,0.002337453,-0.007357382,-0.002521838,0.002050777,0.010426717,-0.004406892,0.999933826
413,595742.557323000,496493.834021000,1791356070.807090998,0.029262,0.002338407,-0.007347311,-0.002536542,0.002056458,0.010422573,-0.004413398,0.999933829
414,595742.573990000,496493.850689000,1791356070.823759079,0.027961,0.002361030,-0.007349811,-0.002550042,0.002063042,0.010423521,-0.004415597,0.999933796
415,595742.590657000,496493.867356000,1791356070.840425968,0.026699,0.002364539,-0.007340069,-0.002570635,0.002064781,0.010423257,-0.004413814,0.999933803
416,595742.607324000,496493.884023000,1791356070.857093096,0.025933,0.002368949,-0.007354852,-0.002582834,0.002065674,0.010409274,-0.004415689,0.999933939
417,595742.623992000,496493.900690000,1791356070.873759985,0.024674,0.002360707,-0.007352798,-0.002574624,0.002064724,0.010405043,-0.004408606,0.999934016
418,595742.640659000,496493.917358000,1791356070.890428066,0.028430,0.002347386,-0.007342526,-0.002568426,0.002057808,0.010401319,-0.004406878,0.999934077
419,595742.657326000,496493.934025000,1791356070.907094955,0.027113,0.002361007,-0.007328824,-0.002572081,0.002065157,0.010400735,-0.004416269,0.999934026
420,595742.673993000,496493.950692000,1791356070.923762083,0.025777,0.002357814,-0.007310119,-0.002597321,0.002059842,0.010397057,-0.004419086,0.999934063
421,595742.690660000,496493.967359000,1791356070.940428972,0.024492,0.002362394,-0.007294812,-0.002607192,0.002060996,0.010401188,-0.004418656,0.999934019
422,595742.707328000,496493.984026000,1791356070.957097054,0.028289,0.002342383,-0.007263936,-0.002616049,0.002066979,0.010403811,-0.004426363,0.999933946
423,595742.723995000,496494.000694000,1791356070.973763943,0.026988,0.002355991,-0.007259486,-0.002610331,0.002070373,0.010402152,-0.004428804,0.999933945
424,595742.740662000,496494.017361000,1791356070.990431070,0.025685,0.002361569,-0.007241156,-0.002613356,0.002072762,0.010404584,-0.004430872,0.999933906
425,595742.757329000,496494.034028000,1791356071.007097960,0.029431,0.002367127,-0.007222168,-0.002617271,0.002070382,0.010400505,-0.004436992,0.999933926
426,595742.773997000,496494.050695000,1791356071.023766041,0.028115,0.002370494,-0.007208634,-0.002627630,0.002074843,0.010399246,-0.004441519,0.999933910
427,595742.790664000,496494.067363000,1791356071.040432930,0.026839,0.002380938,-0.007198114,-0.002626731,0.002072253,0.010399187,-0.004438970,0.999933927
428,595742.807331000,496494.084030000,1791356071.057100058,0.026129,0.002407145,-0.007217881,-0.002624787,0.002071170,0.010406231,-0.004437978,0.999933860
429,595742.823998000,496494.100697000,1791356071.073766947,0.024782,0.002419865,-0.007233913,-0.002627102,0.002079848,0.010402235,-0.004434024,0.999933901
430,595742.840665000,496494.117364000,1791356071.090434074,0.023418,0.002434026,-0.007225986,-0.002642739,0.002076691,0.010401003,-0.004437945,0.999933903
431,595742.857333000,496494.134031000,1791356071.107101917,0.027166,0.002439627,-0.007221627,-0.002658698,0.002079056,0.010403083,-0.004434754,0.999933891
432,595742.874000000,496494.150699000,1791356071.123769045,0.025877,0.002452354,-0.007217763,-0.002677335,0.002083968,0.010395195,-0.004431521,0.999933977
433,595742.890667000,496494.167366000,1791356071.140435934,0.024573,0.002475010,-0.007216376,-0.002677886,0.002081745,0.010398832,-0.004435507,0.999933926
434,595742.907334000,496494.184033000,1791356071.157103062,0.028333,0.002482518,-0.007222805,-0.002676024,0.002082767,0.010390017,-0.004435047,0.999934018
435,595742.924002000,496494.200700000,1791356071.173770905,0.027020,0.002477956,-0.007207554,-0.002682810,0.002085944,0.010390858,-0.004438695,0.999933986
436,595742.940669000,496494.217368000,1791356071.190438032,0.025665,0.002467705,-0.007197217,-0.002696114,0.002090794,0.010390903,-0.004439511,0.999933972
437,595742.957336000,496494.234035000,1791356071.207104921,0.029414,0.002480133,-0.007166755,-0.002710685,0.002092690,0.010393164,-0.004436706,0.999933957
438,595742.974003000,496494.250702000,1791356071.223772049,0.028105,0.002477431,-0.007152382,-0.002717838,0.002098105,0.010394655,-0.004440841,0.999933912
439,595742.990671000,496494.267369000,1791356071.240439892,0.026791,0.002487981,-0.007132314,-0.002707302,0.002094755,0.010393450,-0.004443909,0.999933918
440,595743.007338000,496494.284036000,1791356071.257107019,0.025479,0.002497302,-0.007130284,-0.002708098,0.002100870,0.010395724,-0.004443231,0.999933884
441,595743.024005000,496494.300704000,1791356071.273773909,0.024546,0.002508084,-0.007118285,-0.002706239,0.002104432,0.010401050,-0.004447769,0.999933801
442,595743.040672000,496494.317371000,1791356071.290441036,0.028239,0.002510399,-0.007111258,-0.002718211,0.002106676,0.010393292,-0.004448003,0.999933876
443,595743.057340000,496494.334038000,1791356071.307109118,0.026932,0.002507665,-0.007106177,-0.002709632,0.002105361,0.010388911,-0.004452636,0.999933904
444,595743.074007000,496494.350705000,1791356071.323776007,0.025636,0.002513806,-0.007101400,-0.002704584,0.002103416,0.010393150,-0.004454584,0.999933855
445,595743.090674000,496494.367373000,1791356071.340442896,0.029458,0.002495931,-0.007077742,-0.002703235,0.002102102,0.010388446,-0.004460095,0.999933882
446,595743.107341000,496494.384040000,1791356071.357110023,0.028201,0.002515322,-0.007093895,-0.002727826,0.002108868,0.010389071,-0.004459557,0.999933864
447,595743.124009000,496494.400707000,1791356071.373776913,0.027019,0.002501891,-0.007105598,-0.002737240,0.002112961,0.010386434,-0.004452869,0.999933912
448,595743.140676000,496494.417375000,1791356071.390444994,0.025721,0.002494479,-0.007121472,-0.002733290,0.002112534,0.010382793,-0.004450768,0.999933961
449,595743.157343000,496494.434042000,1791356071.407111883,0.029728,0.002467169,-0.007107071,-0.002731854,0.002109584,0.010377698,-0.004453540,0.999934007
450,595743.174010000,496494.450709000,1791356071.423779011,0.023744,0.002482368,-0.007107824,-0.002736980,0.002114825,0.010380916,-0.004452689,0.999933967
451,595743.190678000,496494.467376000,1791356071.440445900,0.027543,0.002502781,-0.007103768,-0.002747981,0.002114157,0.010379369,-0.004452780,0.999933984
452,595743.207345000,496494.484044000,1791356071.457113028,0.026222,0.002504335,-0.007074791,-0.002763884,0.002111072,0.010372055,-0.004458651,0.999934040
453,595743.224012000,496494.500711000,1791356071.473781109,0.025235,0.002501006,-0.007069484,-0.002765138,0.002115175,0.010369935,-0.004462890,0.999934034
454,595743.240679000,496494.517378000,1791356071.490447998,0.023870,0.002500812,-0.007072691,-0.002756637,0.002115338,0.010365673,-0.004465564,0.999934066
455,595743.257347000,496494.534045000,1791356071.507114887,0.027566,0.002514326,-0.007084811,-0.002766475,0.002118291,0.010361981,-0.004466794,0.999934093
456,595743.274014000,496494.550713000,1791356071.523782015,0.026179,0.002512090,-0.007089184,-0.002781094,0.002119202,0.010358169,-0.004463074,0.999934147
457,595743.290681000,496494.567380000,1791356071.540450096,0.024767,0.002504045,-0.007086284,-0.002791533,0.002123968,0.010353240,-0.004455602,0.999934221
458,595743.307348000,496494.584047000,1791356071.557116985,0.023349,0.002507142,-0.007100182,-0.002800701,0.002131500,0.010355108,-0.004455836,0.999934185
459,595743.324015000,496494.600714000,1791356071.573784113,0.027027,0.002511118,-0.007086645,-0.002818009,0.002120801,0.010354042,-0.004462542,0.999934189
460,595743.340683000,496494.617381000,1791356071.590451002,0.025679,0.002521815,-0.007068084,-0.002834133,0.002123156,0.010356858,-0.004461833,0.999934158
461,595743.357350000,496494.634049000,1791356071.607119083,0.024417,0.002531510,-0.007049756,-0.002823205,0.002129650,0.010363426,-0.004464751,0.999934063
462,595743.374017000,496494.650716000,1791356071.623785973,0.028186,0.002544502,-0.007056977,-0.002805361,0.002137255,0.010363420,-0.004467359,0.999934035
463,595743.390684000,496494.667383000,1791356071.640453100,0.026791,0.002535754,-0.007065452,-0.002796998,0.002135779,0.010364601,-0.004467364,0.999934026
464,595743.407352000,496494.684050000,1791356071.657119989,0.025378,0.002518948,-0.007090680,-0.002796993,0.002135949,0.010357088,-0.004464955,0.999934114
465,595743.424019000,496494.700717000,1791356071.673788071,0.029042,0.002504029,-0.007110693,-0.002806769,0.002135684,0.010357441,-0.004460204,0.999934132
466,595743.440686000,496494.717385000,1791356071.690454960,0.028102,0.002500525,-0.007099165,-0.002793418,0.002131384,0.010359026,-0.004459261,0.999934129
467,595743.457353000,496494.734052000,1791356071.707122087,0.026769,0.002498321,-0.007078411,-0.002788464,0.002129720,0.010359747,-0.004466902,0.999934091
468,595743.474020000,496494.750719000,1791356071.723788977,0.025374,0.002497879,-0.007048909,-0.002786241,0.002137673,0.010352450,-0.004471995,0.999934127
469,595743.490688000,496494.767386000,1791356071.740457058,0.024026,0.002480276,-0.007014794,-0.002790438,0.002133368,0.010351227,-0.004473432,0.999934142
470,595743.507355000,496494.784054000,1791356071.757123947,0.027743,0.002487976,-0.007002110,-0.002798668,0.002131533,0.010349714,-0.004475491,0.999934153
471,595743.524022000,496494.800721000,1791356071.773791075,0.026347,0.002502013,-0.006991319,-0.002798403,0.002133989,0.010346356,-0.004478793,0.999934168
472,595743.540689000,496494.817388000,1791356071.790457964,0.024930,0.002520164,-0.007006267,-0.002798878,0.002130732,0.010341839,-0.004478293,0.999934223
473,595743.557357000,496494.834055000,1791356071.807125092,0.028562,0.002543621,-0.007037259,-0.002803478,0.002135935,0.010338422,-0.004473891,0.999934267
474,595743.574024000,496494.850722000,1791356071.823792934,0.027165,0.002566284,-0.007039989,-0.002798019,0.002128699,0.010343550,-0.004474452,0.999934227
475,595743.590691000,496494.867390000,1791356071.840460062,0.025832,0.002575249,-0.007022186,-0.002810079,0.002122604,0.010334096,-0.004468808,0.999934363
476,595743.607358000,496494.884057000,1791356071.857126951,0.029561,0.002566442,-0.007011352,-0.002825080,0.002129952,0.010332228,-0.004474729,0.999934340
477,595743.624025000,496494.900724000,1791356071.873795033,0.028303,0.002544764,-0.006998751,-0.002842014,0.002130518,0.010328929,-0.004476456,0.999934366
478,595743.640693000,496494.917391000,1791356071.890461922,0.026957,0.002541912,-0.006993512,-0.002843987,0.002129158,0.010325732,-0.004477444,0.999934397
479,595743.657360000,496494.934059000,1791356071.907129049,0.025872,0.002540808,-0.006985441,-0.002840285,0.002128264,0.010325034,-0.004479940,0.999934395
480,595743.674027000,496494.950726000,1791356071.923795938,0.029571,0.002528961,-0.006997903,-0.002826257,0.002125331,0.010332512,-0.004474928,0.999934346
481,595743.690694000,496494.967393000,1791356071.940463066,0.028232,0.002531286,-0.007001041,-0.002833379,0.002122105,0.010329462,-0.004477127,0.999934375
482,595743.707362000,496494.984060000,1791356071.957130909,0.026873,0.002533038,-0.007005987,-0.002843968,0.002123676,0.010325574,-0.004472838,0.999934431
483,595743.724029000,496495.000728000,1791356071.973798037,0.025461,0.002546716,-0.006991630,-0.002851569,0.002123975,0.010328222,-0.004472091,0.999934406
484,595743.740696000,496495.017395000,1791356071.990464926,0.029154,0.002538773,-0.006975600,-0.002854242,0.002124016,0.010322385,-0.004476822,0.999934445
485,595743.757363000,496495.034062000,1791356072.007132053,0.027836,0.002532036,-0.006988772,-0.002870656,0.002128992,0.010312416,-0.004474520,0.999934548
486,595743.774031000,496495.050729000,1791356072.023799896,0.026502,0.002529819,-0.007012327,-0.002884353,0.002134034,0.010317017,-0.004472563,0.999934498
487,595743.790698000,496495.067397000,1791356072.040467024,0.025160,0.002525378,-0.007017128,-0.002888370,0.002134067,0.010321766,-0.004470570,0.999934458
488,595743.807365000,496495.084064000,1791356072.057133913,0.028900,0.002512873,-0.006993834,-0.002876994,0.002130841,0.010321878,-0.004471446,0.999934460
489,595743.824032000,496495.100731000,1791356072.073801041,0.027570,0.002523068,-0.006985723,-0.002868746,0.002132501,0.010331474,-0.004478766,0.999934325
490,595743.840699000,496495.117398000,1791356072.090468884,0.026255,0.002529323,-0.007012880,-0.002848965,0.002134142,0.010332549,-0.004476976,0.999934318
491,595743.857367000,496495.134065000,1791356072.107136011,0.024936,0.002558380,-0.007046431,-0.002828592,0.002131504,0.010335187,-0.004472460,0.999934317
492,595743.874034000,496495.150733000,1791356072.123802900,0.024032,0.002580451,-0.007067028,-0.002812362,0.002133154,0.010331222,-0.004463512,0.999934394
493,595743.890701000,496495.167400000,1791356072.140470028,0.022703,0.002603604,-0.007081584,-0.002808812,0.002133652,0.010333546,-0.004460414,0.999934383
494,595743.907368000,496495.184067000,1791356072.157138109,0.026449,0.002605869,-0.007087831,-0.002812982,0.002132826,0.010329200,-0.004457956,0.999934441
495,595743.924036000,496495.200734000,1791356072.173804998,0.025108,0.002593969,-0.007088125,-0.002838208,0.002127695,0.010324209,-0.004458333,0.999934501
496,595743.940703000,496495.217402000,1791356072.190471888,0.028865,0.002578009,-0.007059094,-0.002834007,0.002126946,0.010326625,-0.004460439,0.999934469
497,595743.957370000,496495.234069000,1791356072.207139015,0.027508,0.002572727,-0.007036914,-0.002826678,0.002127723,0.010324993,-0.004464516,0.999934466
498,595743.974037000,496495.250736000,1791356072.223805904,0.026137,0.002575945,-0.007026428,-0.002817427,0.002127408,0.010319051,-0.004468276,0.999934511
499,595743.990705000,496495.267403000,1791356072.240473032,0.024761,0.002589799,-0.007025561,-0.002807821,0.002127203,0.010317851,-0.004470689,0.999934513
500,595744.007372000,496495.284071000,1791356072.257141113,0.028487,0.002590964,-0.007010944,-0.002812445,0.002123507,0.010314354,-0.004471423,0.999934553
501,595744.024039000,496495.300738000,1791356072.273808002,0.027130,0.002592689,-0.007015320,-0.002820167,0.002126428,0.010315353,-0.004470965,0.999934539
502,595744.040707000,496495.317405000,1791356072.290474892,0.025911,0.002597345,-0.007024520,-0.002826038,0.002128777,0.010318150,-0.004471673,0.999934502
503,595744.057374000,496495.334072000,1791356072.307142019,0.024607,0.002602535,-0.007035388,-0.002823997,0.002123956,0.010313035,-0.004467562,0.999934583
504,595744.074041000,496495.350740000,1791356072.323810101,0.023290,0.002607423,-0.007038471,-0.002825631,0.002123751,0.010311679,-0.004467188,0.999934599
505,595744.090708000,496495.367407000,1791356072.340476990,0.027556,0.002615633,-0.007014489,-0.002832473,0.002124770,0.010313544,-0.004470052,0.999934565
506,595744.107375000,496495.384074000,1791356072.357144117,0.026217,0.002620017,-0.007008008,-0.002836175,0.002126217,0.010312462,-0.004469016,0.999934578
507,595744.124043000,496495.400741000,1791356072.373811007,0.024868,0.002649478,-0.007019165,-0.002839292,0.002137373,0.010318911,-0.004469406,0.999934486
508,595744.140710000,496495.417409000,1791356072.390477896,0.028543,0.002656068,-0.007016509,-0.002845048,0.002145063,0.010321275,-0.004466589,0.999934458
509,595744.157377000,496495.434076000,1791356072.407145977,0.027185,0.002638734,-0.007020233,-0.002838777,0.002144485,0.010315182,-0.004464205,0.999934532
510,595744.174044000,496495.450743000,1791356072.423813105,0.025840,0.002617572,-0.007026689,-0.002831740,0.002141758,0.010309824,-0.004467476,0.999934579
511,595744.190712000,496495.467410000,1791356072.440479994,0.024525,0.002610242,-0.007028669,-0.002815123,0.002139298,0.010310091,-0.004464909,0.999934593
512,595744.207379000,496495.484078000,1791356072.457146883,0.028323,0.002616560,-0.007029907,-0.002815534,0.002141388,0.010315574,-0.004460272,0.999934553
513,595744.224046000,496495.500745000,1791356072.473814964,0.027110,0.002619325,-0.007020732,-0.002818448,0.002144161,0.010318614,-0.004465315,0.999934493
514,595744.240713000,496495.517412000,1791356072.490482092,0.025801,0.002617551,-0.007030629,-0.002837625,0.002144158,0.010312450,-0.004462598,0.999934568
515,595744.257381000,496495.534079000,1791356072.507148981,0.029566,0.002598112,-0.007036340,-0.002853083,0.002144111,0.010307718,-0.004461339,0.999934623
516,595744.274048000,496495.550746000,1791356072.523816109,0.028302,0.002589715,-0.007036667,-0.002863424,0.002148353,0.010303208,-0.004464558,0.999934646
517,595744.290715000,496495.567414000,1791356072.540483952,0.027554,0.002590314,-0.007044184,-0.002855868,0.002152583,0.010305669,-0.004464557,0.999934612
518,595744.307382000,496495.584081000,1791356072.557151079,0.026349,0.002615786,-0.007047193,-0.002844918,0.002151088,0.010310595,-0.004463287,0.999934570
519,595744.324049000,496495.600748000,1791356072.573817968,0.025412,0.002622283,-0.007047497,-0.002837844,0.002149489,0.010312540,-0.004457051,0.999934581
520,595744.340717000,496495.617415000,1791356072.590485096,0.024174,0.002630692,-0.007052792,-0.002835069,0.002153879,0.010310054,-0.004453629,0.999934612
521,595744.357384000,496495.634083000,1791356072.607151985,0.027884,0.002623082,-0.007071681,-0.002854629,0.002160854,0.010303920,-0.004461485,0.999934625
522,595744.374051000,496495.650750000,1791356072.623820066,0.026493,0.002603334,-0.007074676,-0.002881736,0.002162703,0.010299779,-0.004464663,0.999934650
523,595744.390718000,496495.667417000,1791356072.640486956,0.030193,0.002595091,-0.007050568,-0.002891275,0.002152592,0.010304209,-0.004459392,0.999934650
524,595744.407386000,496495.684084000,1791356072.657154083,0.028866,0.002597544,-0.007034596,-0.002901295,0.002158109,0.010293514,-0.004462585,0.999934734
525,595744.424053000,496495.700752000,1791356072.673820972,0.027518,0.002593987,-0.007027613,-0.002899377,0.002160038,0.010296080,-0.004466148,0.999934687
526,595744.440720000,496495.717419000,1791356072.690489054,0.026190,0.002595443,-0.007017670,-0.002891549,0.002156293,0.010294442,-0.004465560,0.999934715
527,595744.457387000,496495.734086000,1791356072.707155943,0.024825,0.002596896,-0.007030097,-0.002885593,0.002163979,0.010294214,-0.004468586,0.999934687
528,595744.474055000,496495.750753000,1791356072.723823071,0.028532,0.002601639,-0.007040009,-0.002889322,0.002163383,0.010290454,-0.004465597,0.999934740
529,595744.490722000,496495.767421000,1791356072.740489960,0.027733,0.002591389,-0.007053448,-0.002906458,0.002163515,0.010291829,-0.004469311,0.999934709
530,595744.507389000,496495.784088000,1791356072.757158041,0.026373,0.002552396,-0.007053996,-0.002920048,0.002164179,0.010284658,-0.004467212,0.999934791
531,595744.524056000,496495.800755000,1791356072.773824930,0.025137,0.002533799,-0.007052684,-0.002913258,0.002163595,0.010283787,-0.004468287,0.999934796
532,595744.540724000,496495.817422000,1791356072.790492058,0.023932,0.002543797,-0.007027757,-0.002915648,0.002159934,0.010283895,-0.004471276,0.999934790
533,595744.557391000,496495.834089000,1791356072.807158947,0.027673,0.002574251,-0.006995124,-0.002911892,0.002154498,0.010280353,-0.004477088,0.999934812
534,595744.574058000,496495.850757000,1791356072.823826075,0.026346,0.002593562,-0.006990267,-0.002914066,0.002154746,0.010284128,-0.004481435,0.999934753
535,595744.590725000,496495.867424000,1791356072.840493917,0.025018,0.002592813,-0.006965041,-0.002893033,0.002150359,0.010284410,-0.004488192,0.999934729
536,595744.607392000,496495.884091000,1791356072.857161045,0.029012,0.002595723,-0.006940935,-0.002890701,0.002149112,0.010284438,-0.004492067,0.999934714
537,595744.624060000,496495.900758000,1791356072.873827934,0.027746,0.002596521,-0.006922562,-0.002894733,0.002145708,0.010282353,-0.004494286,0.999934733
538,595744.640727000,496495.917426000,1791356072.890495062,0.026332,0.002615796,-0.006915698,-0.002915873,0.002150103,0.010279617,-0.004497112,0.999934739
539,595744.657394000,496495.934093000,1791356072.907162905,0.024974,0.002635434,-0.006914289,-0.002928002,0.002152519,0.010278811,-0.004498653,0.999934735
540,595744.674061000,496495.950760000,1791356072.923830032,0.023632,0.002640321,-0.006883026,-0.002944675,0.002145821,0.010275100,-0.004499848,0.999934782
541,595744.690729000,496495.967427000,1791356072.940496922,0.027684,0.002639953,-0.006850314,-0.002946956,0.002151828,0.010276615,-0.004509605,0.999934710
542,595744.707396000,496495.984094000,1791356072.957164049,0.026988,0.002642238,-0.006822482,-0.002939779,0.002146730,0.010270788,-0.004520076,0.999934734
543,595744.724063000,496496.000762000,1791356072.973831892,0.025665,0.002667789,-0.006799563,-0.002951194,0.002150657,0.010274992,-0.004522235,0.999934672
544,595744.740730000,496496.017429000,1791356072.990499020,0.024377,0.002698062,-0.006794468,-0.002960673,0.002157388,0.010270025,-0.004508871,0.999934769
545,595744.757397000,496496.034096000,1791356073.007165909,0.028166,0.002722009,-0.006784251,-0.002969032,0.002158681,0.010269595,-0.004510959,0.999934761
546,595744.774065000,496496.050763000,1791356073.023833036,0.026853,0.002729577,-0.006751833,-0.002982235,0.002159496,0.010262392,-0.004514137,0.999934819
547,595744.790732000,496496.067431000,1791356073.040501118,0.025556,0.002739833,-0.006740019,-0.002998554,0.002159910,0.010266356,-0.004511066,0.999934791
548,595744.807399000,496496.084098000,1791356073.057168007,0.024315,0.002733126,-0.006739307,-0.002989346,0.002164238,0.010264946,-0.004515253,0.999934778
549,595744.824066000,496496.100765000,1791356073.073834896,0.028035,0.002739480,-0.006755524,-0.002967306,0.002163242,0.010274541,-0.004519614,0.999934662
550,595744.840733000,496496.117432000,1791356073.090502024,0.026745,0.002738141,-0.006732007,-0.002954321,0.002159051,0.010270118,-0.004524837,0.999934692
551,595744.857401000,496496.134099000,1791356073.107170105,0.025476,0.002763262,-0.006760309,-0.002955112,0.002163202,0.010266888,-0.004522237,0.999934728
552,595744.874068000,496496.150767000,1791356073.123836994,0.029553,0.002760604,-0.006775204,-0.002965555,0.002167036,0.010258779,-0.004520119,0.999934813
553,595744.890735000,496496.167434000,1791356073.140503883,0.023409,0.002759923,-0.006779951,-0.002972707,0.002161622,0.010261883,-0.004517755,0.999934803
554,595744.907402000,496496.184101000,1791356073.157171011,0.022094,0.002768532,-0.006780789,-0.002971502,0.002155678,0.010257928,-0.004520944,0.999934842
555,595744.924070000,496496.200768000,1791356073.173839092,0.026384,0.002792978,-0.006747150,-0.002962955,0.002155065,0.010256398,-0.004530944,0.999934814
556,595744.940737000,496496.217436000,1791356073.190505981,0.025159,0.002794547,-0.006722068,-0.002960618,0.002158377,0.010248520,-0.004536918,0.999934861
557,595744.957404000,496496.234103000,1791356073.207173109,0.023866,0.002784197,-0.006663960,-0.002958503,0.002161160,0.010239275,-0.004551924,0.999934881
558,595744.974071000,496496.250770000,1791356073.223839998,0.027634,0.002753390,-0.006645305,-0.002967645,0.002154513,0.010233181,-0.004550210,0.999934966
559,595744.990739000,496496.267437000,1791356073.240506887,0.026318,0.002726820,-0.006630124,-0.002973508,0.002159622,0.010232526,-0.004553794,0.999934945
560,595745.007406000,496496.284105000,1791356073.257174969,0.024952,0.002707939,-0.006616426,-0.002973925,0.002163156,0.010229560,-0.004555611,0.999934960
561,595745.024073000,496496.300772000,1791356073.273842096,0.028643,0.002707159,-0.006589454,-0.002973703,0.002155735,0.010228617,-0.004565021,0.999934942
562,595745.040741000,496496.317439000,1791356073.290508986,0.027266,0.002707567,-0.006544351,-0.002973337,0.002153461,0.010232082,-0.004572739,0.999934876
563,595745.057408000,496496.334106000,1791356073.307176113,0.025855,0.002707052,-0.006507197,-0.002974486,0.002158796,0.010235024,-0.004576541,0.999934817
564,595745.074075000,496496.350774000,1791356073.323843956,0.029514,0.002709639,-0.006471746,-0.002977967,0.002159112,0.010234670,-0.004592503,0.999934747
565,595745.090742000,496496.367441000,1791356073.340511084,0.028106,0.002721262,-0.006469808,-0.002983425,0.002157528,0.010231822,-0.004595942,0.999934764
566,595745.107410000,496496.384108000,1791356073.357177973,0.026701,0.002723798,-0.006458686,-0.002972518,0.002147136,0.010236014,-0.004597741,0.999934735
567,595745.124077000,496496.400775000,1791356073.373845100,0.025918,0.002733543,-0.006452687,-0.002951424,0.002153037,0.010243308,-0.004604416,0.999934617
568,595745.140744000,496496.417443000,1791356073.390512943,0.024821,0.002716588,-0.006445737,-0.002939967,0.002152205,0.010233469,-0.004616502,0.999934664
569,595745.157411000,496496.434110000,1791356073.407180071,0.028938,0.002700482,-0.006435555,-0.002946814,0.002157270,0.010222663,-0.004681421,0.999934462
570,595745.174078000,496496.450777000,1791356073.423846960,0.027871,0.002673273,-0.006184663,-0.002900246,0.002091137,0.010205399,-0.005158356,0.999932432
571,595745.190746000,496496.467444000,1791356073.440514088,0.026620,0.002723639,-0.005778380,-0.002825982,0.001962301,0.010207256,-0.006853361,0.999922493
572,595745.207413000,496496.484112000,1791356073.457181931,0.025359,0.002832900,-0.005456123,-0.002699736,0.001859125,0.010299402,-0.009411475,0.999900940
573,595745.224080000,496496.500779000,1791356073.473849058,0.029106,0.002980424,-0.005319666,-0.002626903,0.001824842,0.010292706,-0.012449460,0.999867862
574,595745.240747000,496496.517446000,1791356073.490515947,0.027763,0.003139946,-0.005322015,-0.002445539,0.001727802,0.010354377,-0.016051267,0.999816062
575,595745.257414000,496496.534113000,1791356073.507183075,0.036581,0.003303221,-0.005705547,-0.002294563,0.001581049,0.010457594,-0.020117550,0.999741678
576,595745.274082000,496496.550780000,1791356073.523850918,0.030192,0.003501367,-0.006333688,-0.001999433,0.001527219,0.010633356,-0.024538982,0.999641154
577,595745.290749000,496496.567448000,1791356073.540518045,0.029086,0.003684997,-0.007401028,-0.001818051,0.001506063,0.010729454,-0.029116429,0.999517306
578,595745.307416000,496496.584115000,1791356073.557184935,0.038374,0.004106720,-0.009086249,-0.001850649,0.001598315,0.010805997,-0.033593752,0.999375873
579,595745.324083000,496496.600782000,1791356073.573852062,0.032636,0.004440346,-0.010726305,-0.001735060,0.001634637,0.010834882,-0.037956764,0.999219304
580,595745.340750000,496496.617449000,1791356073.590519905,0.036422,0.004904523,-0.012555950,-0.001724105,0.001565366,0.010671500,-0.042234992,0.999049485
581,595745.357418000,496496.634116000,1791356073.607187033,0.035180,0.005340729,-0.014538952,-0.001607858,0.001660398,0.010552871,-0.046328433,0.998869139
582,595745.374085000,496496.650784000,1791356073.623853922,0.038993,0.005777601,-0.016572311,-0.001647196,0.001893675,0.010162720,-0.050025538,0.998694437
583,595745.390752000,496496.667451000,1791356073.640521049,0.037757,0.006186514,-0.018702358,-0.001651821,0.002200663,0.009547472,-0.053037903,0.998544432
584,595745.407419000,496496.684118000,1791356073.657188892,0.031454,0.006516836,-0.020766056,-0.001689494,0.002398798,0.009067383,-0.055282089,0.998426722
585,595745.424087000,496496.700785000,1791356073.673856020,0.035310,0.007007256,-0.023120955,-0.001830367,0.002735438,0.008220002,-0.056658028,0.998356057
586,595745.440754000,496496.717453000,1791356073.690522909,0.034032,0.007454114,-0.024836303,-0.001932685,0.002854930,0.007870389,-0.057805231,0.998292774
587,595745.457421000,496496.734120000,1791356073.707190037,0.032729,0.007795299,-0.026375661,-0.001909650,0.002865361,0.007670643,-0.058897948,0.998230426
588,595745.474088000,496496.750787000,1791356073.723856926,0.026400,0.007989753,-0.027861849,-0.001811095,0.002770757,0.007696427,-0.060017848,0.998163787
589,595745.490756000,496496.767454000,1791356073.740525007,0.035288,0.008304866,-0.029132811,-0.001909092,0.002549194,0.008119228,-0.061624453,0.998063128
590,595745.507423000,496496.784122000,1791356073.757191896,0.033982,0.008620105,-0.030337248,-0.002021083,0.002200047,0.009005942,-0.064105874,0.997900040
591,595745.524090000,496496.800789000,1791356073.773859024,0.032586,0.009068765,-0.031640908,-0.002043091,0.001881847,0.009800279,-0.067266503,0.997685136
592,595745.540757000,496496.817456000,1791356073.790525913,0.036603,0.009304603,-0.033533402,-0.002299757,0.001209266,0.011354508,-0.071231163,0.997394473
593,595745.557425000,496496.834123000,1791356073.807193995,0.035248,0.009570064,-0.035173534,-0.002313786,0.000682757,0.012341735,-0.075730375,0.997051717
594,595745.574092000,496496.850791000,1791356073.823860884,0.033942,0.009920112,-0.037154938,-0.002007800,0.000277390,0.013053133,-0.080492526,0.996669701
595,595745.590759000,496496.867458000,1791356073.840528011,0.032619,0.010144903,-0.039467939,-0.001581474,0.000146271,0.013238168,-0.085277063,0.996269317
596,595745.607426000,496496.884125000,1791356073.857194901,0.036357,0.010211791,-0.042049120,-0.001392766,0.000101613,0.013247348,-0.089925182,0.995860411
597,595745.624094000,496496.900792000,1791356073.873862028,0.029962,0.010274002,-0.044812120,-0.001373183,0.000122927,0.012986344,-0.094326888,0.995456568
598,595745.640761000,496496.917459000,1791356073.890530109,0.033701,0.010353877,-0.047473457,-0.001348788,0.000012163,0.012923006,-0.098563766,0.995046823
599,595745.657428000,496496.934127000,1791356073.907196999,0.037439,0.010520974,-0.050867552,-0.001496219,-0.000005874,0.012502850,-0.102419354,0.994662734
600,595745.674095000,496496.950794000,1791356073.923863888,0.031043,0.010872754,-0.053557477,-0.001317829,-0.000020518,0.012252031,-0.106287710,0.994259931
601,595745.690762000,496496.967461000,1791356073.940531015,0.034788,0.011254631,-0.056151683,-0.001149081,-0.000073235,0.012059357,-0.110161717,0.993840512
602,595745.707430000,496496.984128000,1791356073.957199097,0.038534,0.011824013,-0.058748726,-0.001132198,0.000027331,0.011579708,-0.113985957,0.993414874
603,595745.724097000,496497.000796000,1791356073.973865986,0.037212,0.012209195,-0.061212135,-0.001233746,0.000723682,0.009736475,-0.117923204,0.992974720
604,595745.740764000,496497.017463000,1791356073.990533113,0.036374,0.012775783,-0.063754535,-0.001408561,0.001405103,0.008969459,-0.122002568,0.992488261
605,595745.757431000,496497.034130000,1791356074.007200003,0.035185,0.013212148,-0.066117644,-0.001539214,0.001514268,0.009097509,-0.126336431,0.991944579
606,595745.774099000,496497.050797000,1791356074.023868084,0.033932,0.013639993,-0.069086214,-0.002287399,0.002012712,0.011401257,-0.130998043,0.991315022
607,595745.790766000,496497.067465000,1791356074.040534973,0.032608,0.014002631,-0.071232150,-0.002310734,0.001762200,0.013197553,-0.136293800,0.990578982
608,595745.807433000,496497.084132000,1791356074.057202101,0.031284,0.014288288,-0.073476716,-0.002338360,0.001723470,0.013043036,-0.141980693,0.989781992
609,595745.824100000,496497.100799000,1791356074.073868990,0.030181,0.014543952,-0.075816698,-0.002488142,0.001679951,0.012900516,-0.147788399,0.988933437
610,595745.840768000,496497.117466000,1791356074.090537071,0.034051,0.014764070,-0.078333445,-0.002731107,0.001642287,0.012718503,-0.153505071,0.988064642
611,595745.857435000,496497.134133000,1791356074.107203960,0.037899,0.014867640,-0.080896954,-0.002701663,0.001578159,0.012417373,-0.159201118,0.987166816
612,595745.873713000,496497.150801000,1791356074.123871088,0.037093,0.014949615,-0.083460068,-0.002439566,0.001318616,0.012694363,-0.165039240,0.986204423
613,595745.890380000,496497.167468000,1791356074.140537977,0.035835,0.014932050,-0.086047598,-0.002379775,0.000598506,0.012539218,-0.170978349,0.985194810
614,595745.907048000,496497.184135000,1791356074.157205105,0.029442,0.014854891,-0.088674771,-0.002270394,0.000415331,0.012387528,-0.177080246,0.984118368
615,595745.923715000,496497.200802000,1791356074.173872948,0.033188,0.014689161,-0.091293754,-0.002124640,0.000198070,0.012318968,-0.183340670,0.982972229
616,595745.940382000,496497.217470000,1791356074.190540075,0.032351,0.014515420,-0.093992180,-0.002064087,-0.000025059,0.012419591,-0.189804541,0.981743342
617,595745.957049000,496497.234137000,1791356074.207206964,0.036868,0.014477224,-0.096907147,-0.002117708,-0.000205753,0.012341610,-0.196288144,0.980468565
618,595745.973717000,496497.250804000,1791356074.223874092,0.035694,0.014449414,-0.099956222,-0.002158537,-0.000369453,0.012231427,-0.202844070,0.979134587
619,595745.990384000,496497.267471000,1791356074.240541935,0.039492,0.014264914,-0.103064861,-0.002049813,-0.000685782,0.012314042,-0.209366667,0.977759425
620,595746.007051000,496497.284139000,1791356074.257209063,0.038166,0.014180031,-0.106429926,-0.002055443,-0.001355511,0.011779746,-0.215740486,0.976378739
621,595746.023718000,496497.300806000,1791356074.273875952,0.036911,0.014008203,-0.110007812,-0.001949971,-0.001850841,0.010710847,-0.221773950,0.975037521
622,595746.040386000,496497.317473000,1791356074.290543079,0.040680,0.013705282,-0.113674095,-0.001630638,-0.002526373,0.008325746,-0.227316844,0.973781984
623,595746.057053000,496497.334140000,1791356074.307210922,0.039317,0.013425460,-0.117053116,-0.001205674,-0.002893354,0.007128932,-0.232474875,0.972571971
624,595746.073720000,496497.350808000,1791356074.323878050,0.038026,0.013380153,-0.120447326,-0.000717041,-0.002296074,0.003464132,-0.237462299,0.971387865
625,595746.090387000,496497.367475000,1791356074.340544939,0.036832,0.013337298,-0.123227165,-0.001361628,-0.001231105,0.005418801,-0.242563210,0.970119688
626,595746.107054000,496497.384142000,1791356074.357212067,0.035616,0.013228556,-0.126071877,-0.001276375,-0.001237212,0.005443719,-0.247930015,0.968761861
627,595746.123722000,496497.400809000,1791356074.373879910,0.039656,0.012854846,-0.128634680,-0.001795554,-0.001446898,0.008593643,-0.253369561,0.967330306
628,595746.140389000,496497.417476000,1791356074.390547037,0.033395,0.012567667,-0.131462901,-0.001638064,-0.001500882,0.008765576,-0.258856137,0.965874946
629,595746.157056000,496497.434144000,1791356074.407213926,0.037697,0.012061273,-0.134277451,-0.001531829,-0.001662301,0.009105713,-0.264602470,0.964313152
630,595746.173723000,496497.450811000,1791356074.423881054,0.036443,0.011721250,-0.137175820,-0.001498046,-0.001769306,0.009127938,-0.270425588,0.962695981
631,595746.190391000,496497.467478000,1791356074.440547943,0.035206,0.011271690,-0.140311013,-0.001496173,-0.001851497,0.009032282,-0.275773637,0.961178387
632,595746.207058000,496497.484145000,1791356074.457216024,0.033906,0.010861507,-0.143646366,-0.001380234,-0.001897296,0.008543394,-0.280456388,0.959826872
633,595746.223725000,496497.500813000,1791356074.473882914,0.037635,0.010370319,-0.146776809,-0.001157935,-0.001904789,0.007161199,-0.284674457,0.958595610
634,595746.240392000,496497.517480000,1791356074.490550041,0.036386,0.009510862,-0.149331348,-0.001038640,-0.002064088,0.005743700,-0.288446529,0.957476553
635,595746.257059000,496497.534147000,1791356074.507216930,0.035149,0.009195805,-0.152286221,-0.001197735,-0.001591921,0.005022606,-0.291748930,0.956480424
636,595746.273727000,496497.550814000,1791356074.523885012,0.033938,0.008859348,-0.155143914,-0.001258016,-0.001110949,0.004834509,-0.294737402,0.955565412
637,595746.290394000,496497.567481000,1791356074.540551901,0.032667,0.008512251,-0.157962523,-0.001158442,-0.000684247,0.004780121,-0.297472714,0.954718109
638,595746.307061000,496497.584149000,1791356074.557219028,0.036448,0.008166298,-0.161088735,-0.001316172,0.000312120,0.004809137,-0.299982236,0.953932614
639,595746.323728000,496497.600816000,1791356074.573885918,0.035167,0.007890885,-0.163921894,-0.001300097,0.000752307,0.004894102,-0.302362065,0.953180289
640,595746.340396000,496497.617483000,1791356074.590553999,0.038952,0.007615567,-0.166732877,-0.001357708,0.001149796,0.004399872,-0.304358202,0.952546799
641,595746.357063000,496497.634150000,1791356074.607220888,0.038219,0.007328086,-0.170764818,-0.001134819,0.001310631,0.002442709,-0.305017714,0.952342643
642,595746.373730000,496497.650818000,1791356074.623888016,0.036992,0.006854175,-0.173387597,-0.001019111,0.001634601,0.001289919,-0.304983212,0.952355451
643,595746.390397000,496497.667485000,1791356074.640554905,0.035661,0.006451715,-0.175654573,-0.001021479,0.002271179,0.001077537,-0.303914515,0.952695989
644,595746.407065000,496497.684152000,1791356074.657222033,0.034339,0.006098451,-0.177467186,-0.001258159,0.002873465,0.000899845,-0.301743456,0.953384403
645,595746.423732000,496497.700819000,1791356074.673890114,0.038152,0.005605151,-0.178366801,-0.001629816,0.003071206,0.001889726,-0.299054375,0.954229258
646,595746.440399000,496497.717487000,1791356074.690557003,0.037027,0.005368139,-0.179266278,-0.001890927,0.003336168,0.002397923,-0.295765357,0.955251785
647,595746.457066000,496497.734154000,1791356074.707223892,0.041017,0.005219260,-0.179750299,-0.002053085,0.003485146,0.003044381,-0.292235580,0.956335167
648,595746.473734000,496497.750821000,1791356074.723891020,0.034822,0.005188483,-0.180014007,-0.002321160,0.003640647,0.005116416,-0.289001428,0.957308071
649,595746.490401000,496497.767488000,1791356074.740559101,0.033572,0.005399139,-0.179593884,-0.002739937,0.003645081,0.007398396,-0.286681543,0.957990433
650,595746.507068000,496497.784156000,1791356074.757225990,0.037333,0.005620277,-0.179083455,-0.002901761,0.003307705,0.008861936,-0.285338412,0.958380152
651,595746.523735000,496497.800823000,1791356074.773893118,0.036052,0.005610743,-0.179022955,-0.002968383,0.003168685,0.008363856,-0.284012952,0.958778727
652,595746.540403000,496497.817490000,1791356074.790560007,0.039826,0.005174432,-0.179216557,-0.002499407,0.002653608,0.005936962,-0.281668523,0.959489736
653,595746.557070000,496497.834157000,1791356074.807228088,0.044091,0.004874942,-0.179128137,-0.002273941,0.002494916,0.004148827,-0.277598420,0.960685006
654,595746.573737000,496497.850825000,1791356074.823894978,0.037785,0.004751700,-0.178682297,-0.002278481,0.002553366,0.003768918,-0.272358530,0.962185069
655,595746.590404000,496497.867492000,1791356074.840562105,0.036544,0.004562013,-0.178531112,-0.002299974,0.002830166,0.002658390,-0.265887876,0.963996141
656,595746.607071000,496497.884159000,1791356074.857228994,0.035192,0.004713983,-0.177465566,-0.002549299,0.003218107,0.003129227,-0.259530475,0.965724487
657,595746.623739000,496497.900826000,1791356074.873895884,0.038980,0.005124338,-0.175816638,-0.002930442,0.003268893,0.005471587,-0.254189202,0.967133510
658,595746.640406000,496497.917493000,1791356074.890563965,0.037786,0.005567965,-0.174025396,-0.003105152,0.002897001,0.007532581,-0.250431058,0.968100797
659,595746.657073000,496497.934161000,1791356074.907231092,0.036689,0.005875025,-0.172496653,-0.003082471,0.002301334,0.008486526,-0.247938423,0.968735888
660,595746.673740000,496497.950828000,1791356074.923897982,0.035512,0.006277277,-0.171032942,-0.003042843,0.001862039,0.009140312,-0.246930015,0.968988418
661,595746.690408000,496497.967495000,1791356074.940565109,0.039330,0.006573366,-0.169709569,-0.003071944,0.001582587,0.009090629,-0.246807149,0.969020685
662,595746.707075000,496497.984162000,1791356074.957232952,0.038123,0.006814541,-0.168066500,-0.002602898,0.000949569,0.008509237,-0.247270951,0.968908545
663,595746.723742000,496498.000830000,1791356074.973900080,0.036980,0.006879695,-0.166666319,-0.002450429,0.000744594,0.008069748,-0.247658604,0.968813471
664,595746.740409000,496498.017497000,1791356074.990566969,0.035794,0.006908733,-0.165255811,-0.002281824,0.000517133,0.007666582,-0.248080476,0.968708952
665,595746.757077000,496498.034164000,1791356075.007234097,0.034493,0.006958697,-0.163812962,-0.002247147,0.000349965,0.007451489,-0.248722731,0.968546001
666,595746.773744000,496498.050831000,1791356075.023900986,0.038733,0.006981663,-0.162444803,-0.002182863,0.000278908,0.007439506,-0.249542549,0.968335217
667,595746.790411000,496498.067499000,1791356075.040569067,0.037569,0.007027890,-0.161089106,-0.002101954,0.000261624,0.007324209,-0.250511478,0.968085888
668,595746.807078000,496498.084166000,1791356075.057235956,0.036355,0.007055350,-0.159742922,-0.002062119,0.000200673,0.007096342,-0.251616990,0.967800854
669,595746.823746000,496498.100833000,1791356075.073903084,0.035104,0.007278358,-0.158291441,-0.001904347,0.000310154,0.006752968,-0.252793212,0.967496715
670,595746.840413000,496498.117500000,1791356075.090569973,0.033820,0.007189676,-0.157046498,-0.001795747,0.000179998,0.006073478,-0.253621746,0.967284390
671,595746.857080000,496498.134168000,1791356075.107238054,0.037668,0.007110184,-0.155891018,-0.001696402,0.000215829,0.005562179,-0.254216760,0.967131250
672,595746.873747000,496498.150835000,1791356075.123904943,0.036460,0.007064360,-0.154736787,-0.001712711,0.000299228,0.005082182,-0.254530742,0.967051283
673,595746.890414000,496498.167502000,1791356075.140572071,0.035149,0.006842425,-0.153560017,-0.001782993,0.000309396,0.004427284,-0.254382674,0.967093459
674,595746.907082000,496498.184169000,1791356075.157238960,0.038929,0.006858261,-0.152299626,-0.001713259,0.000493427,0.004314205,-0.253852405,0.967233219
675,595746.923749000,496498.200837000,1791356075.173906088,0.037742,0.006959374,-0.150890423,-0.001736771,0.000738734,0.004634114,-0.253048509,0.967442211
676,595746.940416000,496498.217504000,1791356075.190573931,0.036567,0.007314645,-0.149864312,-0.001898933,0.001031228,0.004724515,-0.252089208,0.967691917
677,595746.957083000,496498.234171000,1791356075.207241058,0.035402,0.007462414,-0.148456315,-0.001971264,0.001037307,0.005020914,-0.251298418,0.967896079
678,595746.973751000,496498.250838000,1791356075.223907948,0.034815,0.007616457,-0.147002746,-0.002034554,0.001012508,0.005111000,-0.250755300,0.968036483
679,595746.990418000,496498.267505000,1791356075.240576029,0.033665,0.007745064,-0.145524124,-0.002122882,0.000820104,0.005151091,-0.250417116,0.968123991
680,595747.007085000,496498.284173000,1791356075.257242918,0.037629,0.007744928,-0.143687309,-0.002153520,0.000724935,0.005405705,-0.250178419,0.968184389
681,595747.023752000,496498.300840000,1791356075.273910046,0.036503,0.007807460,-0.142278518,-0.002124359,0.000788614,0.005517313,-0.249843505,0.968270190
682,595747.040420000,496498.317507000,1791356075.290576935,0.035358,0.007871036,-0.140851791,-0.002097372,0.000730269,0.005489418,-0.249395000,0.968386011
683,595747.057087000,496498.334174000,1791356075.307244062,0.034236,0.007975246,-0.139619995,-0.002022181,0.000629829,0.005379396,-0.248785072,0.968543573
684,595747.073754000,496498.350842000,1791356075.323911905,0.033124,0.008060322,-0.138255903,-0.002127463,0.000191743,0.004891956,-0.248181947,0.968701065
685,595747.090421000,496498.367509000,1791356075.340579033,0.037176,0.008120526,-0.136843720,-0.002102634,0.000111560,0.004839688,-0.247433408,0.968892808
686,595747.107088000,496498.384176000,1791356075.357245922,0.036092,0.008175360,-0.135401580,-0.002248374,-0.000402645,0.004222533,-0.246398780,0.969159249
687,595747.123756000,496498.400843000,1791356075.373913050,0.029870,0.008244481,-0.134070542,-0.002393547,-0.000171536,0.004414073,-0.245176809,0.969468318
688,595747.140423000,496498.417510000,1791356075.390579939,0.038827,0.008348095,-0.132259320,-0.002209325,-0.000022392,0.004693172,-0.243909907,0.969786539
689,595747.157090000,496498.434178000,1791356075.407248020,0.037579,0.008383649,-0.130715481,-0.002201228,-0.000081181,0.004830684,-0.242418349,0.970159782
690,595747.173757000,496498.450845000,1791356075.423914909,0.036944,0.007992243,-0.130254967,-0.002019245,-0.000167989,0.004845996,-0.240504543,0.970635901
691,595747.190425000,496498.467512000,1791356075.440582037,0.025547,0.008020909,-0.129062929,-0.002049662,-0.000235716,0.004855507,-0.238795254,0.971057771
692,595747.207092000,496498.484179000,1791356075.457248926,0.039449,0.008073506,-0.127545694,-0.002049654,-0.000348692,0.004845662,-0.237000246,0.971497443
693,595747.223759000,496498.500847000,1791356075.473917007,0.038141,0.008134320,-0.126176643,-0.001980359,-0.000525986,0.004604534,-0.235093957,0.971961601
694,595747.240426000,496498.517514000,1791356075.490583897,0.036846,0.008181428,-0.124533501,-0.001865357,-0.000666527,0.004824352,-0.233112863,0.972437491
695,595747.257094000,496498.534181000,1791356075.507251024,0.035552,0.008214134,-0.123015024,-0.001849211,-0.000663003,0.004929197,-0.231079980,0.972922045
696,595747.273761000,496498.550848000,1791356075.523917913,0.039304,0.008261775,-0.121470664,-0.001775046,-0.000717729,0.005078280,-0.229066631,0.973397234
697,595747.290428000,496498.567515000,1791356075.540585995,0.027841,0.008367513,-0.120246429,-0.001755411,-0.000693305,0.005128580,-0.227152074,0.973845548
698,595747.307095000,496498.584183000,1791356075.557252884,0.036649,0.008453257,-0.118759540,-0.001708460,-0.000709420,0.005343058,-0.225397717,0.974251927
699,595747.323762000,496498.600850000,1791356075.573920012,0.035342,0.008479303,-0.117401518,-0.001725155,-0.000686716,0.005504086,-0.223762748,0.974627860
700,595747.340430000,496498.617517000,1791356075.590586901,0.034017,0.008547067,-0.116034436,-0.001824746,-0.000782923,0.005538730,-0.222398951,0.974939699
701,595747.357097000,496498.634184000,1791356075.607254982,0.037753,0.008622547,-0.114457224,-0.001885868,-0.000879161,0.005568288,-0.221354225,0.975177178
702,595747.373764000,496498.650852000,1791356075.623922110,0.036902,0.008669774,-0.113142397,-0.001859167,-0.000955324,0.005530365,-0.220491983,0.975372640
703,595747.390431000,496498.667519000,1791356075.640588999,0.035621,0.008634849,-0.111801332,-0.001762846,-0.000984800,0.005328298,-0.219635951,0.975566855
704,595747.407099000,496498.684186000,1791356075.657255888,0.034423,0.008574474,-0.110223281,-0.001752809,-0.001184181,0.005015228,-0.218739841,0.975769608
705,595747.423766000,496498.700853000,1791356075.673923969,0.038334,0.008517008,-0.108631987,-0.001901928,-0.001279023,0.005065882,-0.217987165,0.975937650
706,595747.440433000,496498.717520000,1791356075.690591097,0.026915,0.008463369,-0.107115823,-0.001992972,-0.001276090,0.005056182,-0.217437113,0.976060402
707,595747.457100000,496498.734188000,1791356075.707257986,0.035776,0.008377903,-0.105648203,-0.002089967,-0.001386362,0.004976083,-0.216934168,0.976172568
708,595747.473767000,496498.750855000,1791356075.723925114,0.034485,0.008383675,-0.104340417,-0.002070697,-0.001418530,0.004821141,-0.216370074,0.976298487
709,595747.490435000,496498.767522000,1791356075.740592957,0.038453,0.008354037,-0.103032959,-0.002034410,-0.001460502,0.004651381,-0.215608189,0.976467788
710,595747.507102000,496498.784189000,1791356075.757260084,0.037498,0.008334627,-0.101580636,-0.002009096,-0.001453272,0.004634837,-0.214691983,0.976669729
711,595747.523769000,496498.800857000,1791356075.773926973,0.036298,0.008394188,-0.100178406,-0.002050679,-0.001430409,0.004468104,-0.213509328,0.976929760
712,595747.540436000,496498.817524000,1791356075.790594101,0.035005,0.008342928,-0.098815666,-0.002080762,-0.001456431,0.004284950,-0.212074008,0.977243129
713,595747.557103000,496498.834191000,1791356075.807260990,0.033710,0.008311323,-0.097476504,-0.001972024,-0.001371829,0.004142283,-0.210392279,0.977607308
714,595747.573771000,496498.850858000,1791356075.823929071,0.037719,0.008322363,-0.096057950,-0.002063302,-0.001397923,0.004123893,-0.208578894,0.977995851
715,595747.590438000,496498.867525000,1791356075.840595961,0.037155,0.008273714,-0.094178634,-0.001969328,-0.001424521,0.004355505,-0.206790167,0.978374584
716,595747.607105000,496498.884193000,1791356075.857263088,0.030887,0.008225642,-0.092862576,-0.001930035,-0.001471509,0.004347505,-0.204803874,0.978792270
717,595747.623772000,496498.900860000,1791356075.873929977,0.034705,0.008244194,-0.091117605,-0.001938397,-0.001404104,0.004442335,-0.202840413,0.979200726
718,595747.640440000,496498.917527000,1791356075.890597105,0.038461,0.008317263,-0.089462799,-0.001928736,-0.001404737,0.004603894,-0.200895047,0.979600945
719,595747.657107000,496498.934194000,1791356075.907264948,0.032131,0.008322100,-0.087858872,-0.001994967,-0.001422120,0.004740951,-0.198918629,0.980003510
720,595747.673774000,496498.950862000,1791356075.923932076,0.035936,0.008339975,-0.086203356,-0.002029673,-0.001444595,0.004906578,-0.197083768,0.980373310
721,595747.690441000,496498.967529000,1791356075.940598965,0.029521,0.008357873,-0.084712664,-0.002082468,-0.001418673,0.004896709,-0.195287674,0.980732754
722,595747.707109000,496498.984196000,1791356075.957266092,0.038382,0.008505922,-0.082821475,-0.002094278,-0.001405512,0.004943523,-0.193497436,0.981087319
723,595747.723776000,496499.000863000,1791356075.973933935,0.032087,0.008498581,-0.081345205,-0.002178704,-0.001439072,0.004950269,-0.191454756,0.981487901
724,595747.740443000,496499.017531000,1791356075.990601063,0.030771,0.008513211,-0.079824150,-0.002223191,-0.001418727,0.005032861,-0.189293682,0.981906594
725,595747.757110000,496499.034198000,1791356076.007267952,0.039578,0.008561203,-0.077823297,-0.002179417,-0.001594959,0.004699325,-0.187165506,0.982315858
726,595747.773778000,496499.050865000,1791356076.023935080,0.033181,0.008601511,-0.076253532,-0.002118347,-0.001328274,0.004974380,-0.184845457,0.982754114
727,595747.790445000,496499.067532000,1791356076.040602922,0.036989,0.008602974,-0.074602266,-0.002049641,-0.001307362,0.005012821,-0.182443160,0.983202754
728,595747.807112000,496499.084200000,1791356076.057270050,0.041345,0.008650469,-0.072888131,-0.002110851,-0.001234652,0.004811404,-0.179983507,0.983657086
729,595747.823779000,496499.100867000,1791356076.073936939,0.035047,0.008687879,-0.071112344,-0.002074196,-0.001116188,0.004704253,-0.177549494,0.984099996
730,595747.840446000,496499.117534000,1791356076.090604067,0.033865,0.008693622,-0.069340822,-0.002110842,-0.001120254,0.004618222,-0.174876352,0.984578935
731,595747.857114000,496499.134201000,1791356076.107270956,0.037677,0.008799825,-0.067650924,-0.002289615,-0.001060914,0.004425832,-0.171964778,0.985092585
732,595747.873781000,496499.150868000,1791356076.123939037,0.036644,0.008768351,-0.065726814,-0.002334972,-0.001087967,0.004498871,-0.168798727,0.985639674
733,595747.890448000,496499.167536000,1791356076.140605927,0.030476,0.008742463,-0.063781064,-0.002321711,-0.001069127,0.004465148,-0.165479244,0.986202585
734,595747.907115000,496499.184203000,1791356076.157273054,0.034401,0.007899461,-0.061405102,-0.002258360,-0.001114183,0.004240239,-0.162010671,0.986779267
735,595747.923783000,496499.200870000,1791356076.173939943,0.028195,0.007793109,-0.059326889,-0.002300589,-0.001121104,0.004159141,-0.158553414,0.987341005
736,595747.940450000,496499.217537000,1791356076.190608025,0.037145,0.007601505,-0.057014000,-0.002243039,-0.001121367,0.004330464,-0.155154335,0.987880115
737,595747.957117000,496499.234205000,1791356076.207274914,0.035895,0.007470778,-0.054904223,-0.002318848,-0.001075241,0.004462930,-0.151828060,0.988396260
738,595747.973784000,496499.250872000,1791356076.223942041,0.034659,0.007345151,-0.052691347,-0.002499767,-0.001043093,0.004409176,-0.148655269,0.988878699
739,595747.990452000,496499.267539000,1791356076.240608931,0.033321,0.007229610,-0.050891754,-0.002576438,-0.001116558,0.004419223,-0.145245645,0.989385125
740,595748.007119000,496499.284206000,1791356076.257277012,0.032020,0.007098899,-0.049133223,-0.002580012,-0.001149882,0.004445965,-0.141534334,0.989922696
741,595748.023786000,496499.300874000,1791356076.273943901,0.036182,0.007181990,-0.047341674,-0.002490098,-0.001151389,0.004316839,-0.137616173,0.990475557
742,595748.040453000,496499.317541000,1791356076.290611029,0.024753,0.007031509,-0.045688025,-0.002613090,-0.001178558,0.004460764,-0.133567566,0.991028969
743,595748.057120000,496499.334208000,1791356076.307277918,0.033704,0.006894119,-0.043814240,-0.002689078,-0.001229086,0.004512102,-0.129751134,0.991535563
744,595748.073788000,496499.350875000,1791356076.323945999,0.027339,0.006730500,-0.042207792,-0.002790707,-0.001250185,0.004496632,-0.125945071,0.992026238
745,595748.090455000,496499.367542000,1791356076.340612888,0.036121,0.006397498,-0.040201400,-0.002689732,-0.001280450,0.004638654,-0.122423786,0.992466251
746,595748.107122000,496499.384210000,1791356076.357280016,0.034868,0.006090744,-0.038365441,-0.002714808,-0.001292658,0.004563225,-0.119334530,0.992842775
747,595748.123789000,496499.400877000,1791356076.373946905,0.033578,0.005851496,-0.036765407,-0.002762400,-0.001254634,0.004300135,-0.116676050,0.993159924
748,595748.140456000,496499.417544000,1791356076.390614033,0.037319,0.005832248,-0.034940045,-0.002280565,-0.001424621,0.004544407,-0.114548131,0.993406284
749,595748.157124000,496499.434211000,1791356076.407282114,0.036008,0.005697540,-0.033639409,-0.002257266,-0.001528084,0.004783438,-0.112850176,0.993599326
750,595748.173791000,496499.450879000,1791356076.423949003,0.034684,0.005594346,-0.032488579,-0.002345607,-0.001616855,0.004924242,-0.111692884,0.993729258
751,595748.190458000,496499.467546000,1791356076.440615892,0.033404,0.005558669,-0.031713578,-0.002386160,-0.001704839,0.005184054,-0.110995446,0.993805932
752,595748.207126000,496499.484213000,1791356076.457283020,0.032193,0.005643128,-0.031362800,-0.002460761,-0.001755701,0.005327189,-0.110883875,0.993817541
753,595748.223793000,496499.500880000,1791356076.473949909,0.026342,0.005675461,-0.031058074,-0.002545663,-0.001682826,0.005073235,-0.110871278,0.993820401
754,595748.240460000,496499.517548000,1791356076.490617990,0.035217,0.005563023,-0.031308732,-0.002347875,-0.001660939,0.004781927,-0.110802536,0.993829549
755,595748.257127000,496499.534215000,1791356076.507285118,0.028973,0.005542028,-0.031041527,-0.002313919,-0.001589627,0.004605763,-0.110826802,0.993827792
756,595748.273795000,496499.550882000,1791356076.523952007,0.027747,0.005519148,-0.030889242,-0.002258024,-0.001567419,0.004542876,-0.111070484,0.993800912
757,595748.290462000,496499.567550000,1791356076.540618896,0.026518,0.005490659,-0.030866363,-0.002127440,-0.001623574,0.004574257,-0.111961915,0.993700644
758,595748.307129000,496499.584217000,1791356076.557286978,0.025255,0.005493421,-0.030908781,-0.002086196,-0.001653168,0.004570676,-0.113460070,0.993530668
759,595748.323796000,496499.600884000,1791356076.573954105,0.039356,0.005679256,-0.031699689,-0.002053860,-0.001676601,0.004691960,-0.115418565,0.993304449
760,595748.340464000,496499.617551000,1791356076.590620995,0.033081,0.005630080,-0.032276909,-0.002111326,-0.001734138,0.004668103,-0.118058434,0.992994163
761,595748.357131000,496499.634218000,1791356076.607287884,0.031763,0.005633932,-0.033278823,-0.002015535,-0.001838503,0.004991236,-0.121222852,0.992611066
762,595748.373798000,496499.650885000,1791356076.623955965,0.035912,0.005745581,-0.035211027,-0.002136684,-0.001916570,0.005216329,-0.124576185,0.992194482
763,595748.390465000,496499.667553000,1791356076.640623093,0.034817,0.005636318,-0.037089401,-0.002084726,-0.001881275,0.005161606,-0.127964420,0.991763543
764,595748.407132000,496499.684220000,1791356076.657289982,0.033620,0.005531564,-0.039383162,-0.001923410,-0.001897259,0.005046829,-0.131026336,0.991364226
765,595748.423800000,496499.700887000,1791356076.673957109,0.032834,0.005526491,-0.041787750,-0.001823349,-0.001822329,0.004868494,-0.133510329,0.991033788
766,595748.440467000,496499.717554000,1791356076.690624952,0.031478,0.005534185,-0.044073278,-0.001685953,-0.001768920,0.004838756,-0.135858860,0.990714806
767,595748.457134000,496499.734222000,1791356076.707292080,0.025064,0.005614185,-0.046392011,-0.001587769,-0.001793955,0.004869330,-0.138243309,0.990384702
768,595748.473801000,496499.750889000,1791356076.723958969,0.028818,0.005757912,-0.048834711,-0.001526197,-0.001820529,0.004893212,-0.140832605,0.990019656
769,595748.490468000,496499.767556000,1791356076.740626097,0.027546,0.005963111,-0.051397051,-0.001457230,-0.001805895,0.004843990,-0.143370555,0.989655576
770,595748.507136000,496499.784223000,1791356076.757292986,0.026282,0.006157023,-0.053977370,-0.001399677,-0.001832967,0.004870970,-0.145806095,0.989299498
771,595748.523803000,496499.800890000,1791356076.773961067,0.040329,0.006363084,-0.056805533,-0.001525710,-0.001815449,0.004861600,-0.148266458,0.988933833
772,595748.540470000,496499.817558000,1791356076.790627956,0.034019,0.006627954,-0.059557768,-0.001656796,-0.002156183,0.004647819,-0.150827867,0.988546763
773,595748.557137000,496499.834225000,1791356076.807295084,0.032732,0.007018730,-0.062446631,-0.001659565,-0.001954065,0.005044209,-0.153555598,0.988125203
774,595748.573805000,496499.850892000,1791356076.823961973,0.031509,0.007280263,-0.065375938,-0.001533662,-0.002010528,0.005252166,-0.156387945,0.987679697
775,595748.590472000,496499.867559000,1791356076.840629101,0.035545,0.007511422,-0.068253226,-0.001338164,-0.001866099,0.005358756,-0.159152372,0.987237724
776,595748.607139000,496499.884227000,1791356076.857296944,0.029341,0.007813344,-0.070998860,-0.001043356,-0.001896267,0.005500750,-0.162019421,0.986770416
777,595748.623806000,496499.900894000,1791356076.873964071,0.038182,0.008131080,-0.073890252,-0.001257479,-0.001976380,0.005438474,-0.164943404,0.986286059
778,595748.640474000,496499.917561000,1791356076.890630960,0.037343,0.008341421,-0.076724774,-0.001306357,-0.001932017,0.005440990,-0.167651217,0.985829464
779,595748.657141000,496499.934228000,1791356076.907298088,0.025919,0.008532133,-0.079338529,-0.001207728,-0.001962530,0.005364158,-0.170410817,0.985356548
780,595748.673808000,496499.950896000,1791356076.923965931,0.029677,0.008775210,-0.081932672,-0.001175446,-0.002062779,0.005290406,-0.173325786,0.984848175
781,595748.690475000,496499.967563000,1791356076.940633059,0.038535,0.009076482,-0.084661245,-0.001372426,-0.002112424,0.005241382,-0.176675264,0.984252974
782,595748.707143000,496499.984230000,1791356076.957299948,0.037255,0.009200802,-0.087191743,-0.001269013,-0.002157863,0.005152488,-0.180172787,0.983619114
783,595748.723810000,496500.000897000,1791356076.973967075,0.036393,0.009164234,-0.089326230,-0.001366482,-0.002165825,0.004976067,-0.183632019,0.982980076
784,595748.740477000,496500.017565000,1791356076.990633965,0.030242,0.009163586,-0.091551955,-0.001267179,-0.002197557,0.005002824,-0.186937195,0.982356670
785,595748.757144000,496500.034232000,1791356077.007302046,0.034049,0.009126636,-0.093936515,-0.001128575,-0.002194841,0.005062372,-0.190176696,0.981734373
786,595748.773812000,496500.050899000,1791356077.023968935,0.032681,0.009147205,-0.096377412,-0.001052114,-0.002114551,0.004991420,-0.193193810,0.981145640
787,595748.790479000,496500.067566000,1791356077.040636063,0.036398,0.009594725,-0.098997727,-0.001083380,-0.002059225,0.004968531,-0.196099077,0.980569337
788,595748.807146000,496500.084234000,1791356077.057302952,0.030056,0.009640199,-0.101191438,-0.000950597,-0.002066252,0.005103197,-0.199129126,0.979957794
789,595748.823813000,496500.100901000,1791356077.073971033,0.028727,0.009685103,-0.103393274,-0.000892623,-0.002081919,0.005121318,-0.202226258,0.979323225
790,595748.840481000,496500.117568000,1791356077.090637922,0.037589,0.009719439,-0.105320481,-0.001431265,-0.002146027,0.005036681,-0.205377098,0.978667601
791,595748.857148000,496500.134235000,1791356077.107305050,0.036983,0.009628910,-0.107480154,-0.001487378,-0.002148236,0.004859175,-0.208110712,0.978090847
792,595748.873815000,496500.150903000,1791356077.123971939,0.040796,0.009556980,-0.109573468,-0.001483473,-0.002167954,0.004684302,-0.210488492,0.977582709
793,595748.890482000,496500.167570000,1791356077.140640020,0.034418,0.009520218,-0.111530527,-0.001435177,-0.002117337,0.004645663,-0.212627520,0.977119989
794,595748.907149000,496500.184237000,1791356077.157306910,0.033166,0.009873194,-0.114042064,-0.001417154,-0.002018606,0.004605753,-0.214630985,0.976682268
795,595748.923817000,496500.200904000,1791356077.173974037,0.037019,0.009830040,-0.115748733,-0.001291785,-0.002008809,0.004763016,-0.216731602,0.976217543
796,595748.940484000,496500.217571000,1791356077.190640926,0.035761,0.009753048,-0.117370511,-0.001199089,-0.002005275,0.004692744,-0.218785433,0.975759648
797,595748.957151000,496500.234239000,1791356077.207309008,0.034475,0.009742171,-0.119017574,-0.001251326,-0.001980140,0.005022653,-0.221002911,0.975258204
798,595748.973818000,496500.250906000,1791356077.223975897,0.033206,0.009658340,-0.120692464,-0.001125722,-0.002009112,0.004930941,-0.223151608,0.974769208
799,595748.990485000,496500.267573000,1791356077.240643024,0.037107,0.009544477,-0.122466110,-0.000999449,-0.001781015,0.004874459,-0.225015822,0.974341289
800,595749.007153000,496500.284240000,1791356077.257309914,0.035889,0.009428234,-0.124205141,-0.000767573,-0.001685913,0.004771482,-0.226517523,0.973993944
801,595749.023820000,496500.300907000,1791356077.273977995,0.039878,0.009484573,-0.126156904,-0.000917371,-0.001622430,0.004666147,-0.227723697,0.973713260
802,595749.040487000,496500.317575000,1791356077.290644884,0.038726,0.009477408,-0.127816002,-0.001108673,-0.001877287,0.004462251,-0.228860717,0.973447141
803,595749.057154000,496500.334242000,1791356077.307312012,0.038084,0.009505819,-0.129314570,-0.001093319,-0.001893215,0.004681149,-0.230203898,0.973129317
804,595749.073822000,496500.350909000,1791356077.323978901,0.036867,0.008502068,-0.130801499,-0.001162637,-0.001916980,0.004568407,-0.231606675,0.972796897
805,595749.090489000,496500.367576000,1791356077.340646982,0.030529,0.008481891,-0.132306159,-0.001252381,-0.001932530,0.004565792,-0.233070772,0.972447137
806,595749.107156000,496500.384244000,1791356077.357314110,0.029208,0.008473648,-0.133799404,-0.001335332,-0.001974362,0.004621876,-0.234655701,0.972065554
807,595749.123823000,496500.400911000,1791356077.373980999,0.027988,0.008424203,-0.135310927,-0.001302612,-0.001908257,0.004615500,-0.236122117,0.971710554
808,595749.140490000,496500.417578000,1791356077.390647888,0.042022,0.008149202,-0.136857155,-0.001392705,-0.002031246,0.004432640,-0.237496860,0.971376069
809,595749.157158000,496500.434245000,1791356077.407315969,0.030710,0.008049630,-0.138337035,-0.001571805,-0.001919779,0.004683726,-0.238865095,0.971039568
810,595749.173825000,496500.450912000,1791356077.423983097,0.034529,0.007951954,-0.139816217,-0.001546067,-0.001992459,0.004571078,-0.240146123,0.970723944
811,595749.190492000,496500.467580000,1791356077.440649986,0.038460,0.007609639,-0.141369655,-0.001608370,-0.001891250,0.004714037,-0.241445052,0.970401200
812,595749.207159000,496500.484247000,1791356077.457317114,0.032336,0.007497447,-0.142791438,-0.001546143,-0.001945947,0.004785062,-0.242801371,0.970062271
813,595749.223827000,496500.500914000,1791356077.473984003,0.026070,0.007375379,-0.144189965,-0.001455463,-0.001901685,0.004793844,-0.244281034,0.969690765
814,595749.240494000,496500.517581000,1791356077.490652084,0.029885,0.007245850,-0.145590145,-0.001404830,-0.001851730,0.004850939,-0.245751604,0.969318930
815,595749.257161000,496500.534249000,1791356077.507318974,0.038776,0.007323971,-0.147559680,-0.001381706,-0.001811886,0.004954930,-0.247159973,0.968960326
816,595749.273828000,496500.550916000,1791356077.523986101,0.038148,0.007228748,-0.149036279,-0.001293151,-0.001846043,0.004831465,-0.248571168,0.968599826
817,595749.290495000,496500.567583000,1791356077.540652990,0.041972,0.007096509,-0.150551339,-0.001242165,-0.001847343,0.004706456,-0.249748422,0.968297559
818,595749.307163000,496500.584250000,1791356077.557321072,0.035645,0.007007601,-0.152258611,-0.001049413,-0.001820982,0.004654798,-0.250715754,0.968047844
819,595749.323830000,496500.600917000,1791356077.573987961,0.034389,0.006828315,-0.153622885,-0.000972005,-0.001777298,0.004666456,-0.251461526,0.967854414
820,595749.340497000,496500.617585000,1791356077.590655088,0.038132,0.006676807,-0.155110861,-0.001020930,-0.001760257,0.004590746,-0.251914075,0.967737116
821,595749.357164000,496500.634252000,1791356077.607321978,0.036818,0.006565782,-0.156506947,-0.001093479,-0.001740309,0.004562377,-0.252195373,0.967664017
822,595749.373832000,496500.650919000,1791356077.623989105,0.040740,0.006405981,-0.157762672,-0.001378260,-0.001728028,0.004715163,-0.252460732,0.967594109
823,595749.390499000,496500.667586000,1791356077.640656948,0.034451,0.006340277,-0.159008612,-0.001369606,-0.001738953,0.004788211,-0.253009867,0.967450286
824,595749.407166000,496500.684254000,1791356077.657324076,0.038210,0.006220980,-0.160341844,-0.001374542,-0.001769314,0.004703458,-0.253565123,0.967305265
825,595749.423833000,496500.700921000,1791356077.673990965,0.026748,0.006141373,-0.161712197,-0.001397098,-0.001815463,0.004759151,-0.254159980,0.967148778
826,595749.440501000,496500.717588000,1791356077.690658092,0.030502,0.006063171,-0.163063091,-0.001442813,-0.001867067,0.004689545,-0.254757682,0.966991751
827,595749.457168000,496500.734255000,1791356077.707325935,0.039387,0.006039648,-0.164451152,-0.001531300,-0.001877365,0.004801630,-0.255449040,0.966808775
828,595749.473835000,496500.750922000,1791356077.723993063,0.038721,0.005921759,-0.165716819,-0.001501755,-0.001873309,0.004845635,-0.256323094,0.966577199
829,595749.490502000,496500.767590000,1791356077.740659952,0.037522,0.005768015,-0.167105754,-0.001551805,-0.001892701,0.004587667,-0.257049789,0.966385418
830,595749.507170000,496500.784257000,1791356077.757327080,0.036258,0.005601740,-0.168411613,-0.001523737,-0.001923218,0.004573747,-0.257662646,0.966222202
831,595749.523837000,496500.800924000,1791356077.773994923,0.034979,0.005447214,-0.169653731,-0.001482177,-0.001934698,0.004615731,-0.258200820,0.966078304
832,595749.540504000,496500.817591000,1791356077.790662050,0.038723,0.005298420,-0.170896068,-0.001463014,-0.001929644,0.004639270,-0.258808617,0.965915552
833,595749.557171000,496500.834259000,1791356077.807328939,0.037412,0.005235385,-0.172253477,-0.001437574,-0.001912646,0.004679433,-0.259527332,0.965722532
834,595749.573839000,496500.850926000,1791356077.823996067,0.036091,0.005174707,-0.173592130,-0.001514812,-0.001988368,0.004666083,-0.260335936,0.965504777
835,595749.590506000,496500.867593000,1791356077.840662956,0.029737,0.005113657,-0.174892061,-0.001510443,-0.001996964,0.004693363,-0.261312428,0.965240799
836,595749.607173000,496500.884261000,1791356077.857331038,0.043945,0.004632653,-0.176028644,-0.001501223,-0.002036964,0.004877760,-0.262592401,0.964892372
837,595749.623840000,496500.900928000,1791356077.873997927,0.042799,0.004620073,-0.177475753,-0.001481890,-0.002020362,0.005074117,-0.264472806,0.964377678
838,595749.640507000,496500.917595000,1791356077.890665054,0.031351,0.004644164,-0.178900620,-0.001512771,-0.002062051,0.005012159,-0.267036662,0.963671130
839,595749.657175000,496500.934262000,1791356077.907331944,0.035676,0.004317028,-0.180403579,-0.001352360,-0.002116853,0.005144435,-0.270014892,0.962840076
840,595749.673842000,496500.950929000,1791356077.923999071,0.039547,0.004259468,-0.182001896,-0.001177183,-0.002121455,0.005189801,-0.273398625,0.961884482
841,595749.690509000,496500.967597000,1791356077.940666914,0.033634,0.004242245,-0.183642063,-0.000993581,-0.002093087,0.005296982,-0.277245227,0.960782309
842,595749.707176000,496500.984264000,1791356077.957334042,0.032295,0.004183280,-0.185385803,-0.000872186,-0.002096123,0.005300733,-0.281453069,0.959558064
843,595749.723844000,496501.000931000,1791356077.974000931,0.041039,0.004472237,-0.187977782,-0.000831660,-0.002144064,0.005614484,-0.286037364,0.958199617
844,595749.740511000,496501.017598000,1791356077.990668058,0.039760,0.004409686,-0.189775643,-0.000638342,-0.002133355,0.005892467,-0.291493008,0.956552431
845,595749.757178000,496501.034265000,1791356078.007335901,0.038574,0.004409492,-0.191556300,-0.000572365,-0.002354060,0.005785483,-0.297966201,0.954555986
846,595749.773845000,496501.050933000,1791356078.024003029,0.037351,0.004319244,-0.193592321,-0.000089811,-0.002108401,0.006329278,-0.305241892,0.952251481
847,595749.790512000,496501.067600000,1791356078.040669918,0.036040,0.004240570,-0.195321873,0.000078228,-0.002409818,0.006167554,-0.313490268,0.949568326
848,595749.807180000,496501.084267000,1791356078.057337046,0.039739,0.004274964,-0.197233128,-0.000020639,-0.002513145,0.006319263,-0.322685146,0.946481932
849,595749.823847000,496501.100934000,1791356078.074004889,0.038388,0.004192661,-0.199380797,-0.000303038,-0.003352513,0.005541499,-0.332605961,0.943043651
850,595749.840514000,496501.117602000,1791356078.090672016,0.037014,0.004460288,-0.202463183,-0.000144662,-0.002784493,0.005776705,-0.343189573,0.939244267
851,595749.857181000,496501.134269000,1791356078.107338905,0.040732,0.004387419,-0.204501261,0.000544082,-0.002522398,0.006139120,-0.354652999,0.934974438
852,595749.873849000,496501.150936000,1791356078.124006033,0.039419,0.004118379,-0.206607965,0.000452374,-0.002363474,0.005957163,-0.366697455,0.930318173
853,595749.890516000,496501.167603000,1791356078.140674114,0.038092,0.003670320,-0.209007025,0.000782089,-0.002315634,0.005749444,-0.378800807,0.925457471
854,595749.907183000,496501.184271000,1791356078.157341003,0.037243,0.003031567,-0.211148299,0.001114075,-0.002471023,0.005223166,-0.391014027,0.920366581
855,595749.923850000,496501.200938000,1791356078.174007893,0.036024,0.002365638,-0.213448674,0.001545657,-0.002318057,0.004761083,-0.402888068,0.915233939
856,595749.940517000,496501.217605000,1791356078.190675020,0.034820,0.001560692,-0.215869944,0.001853935,-0.002085866,0.004109330,-0.414163251,0.910190949
857,595749.957185000,496501.234272000,1791356078.207343102,0.038652,0.000429196,-0.217594915,0.002161838,-0.001943411,0.003769015,-0.424953386,0.905205301
858,595749.973852000,496501.250940000,1791356078.224009991,0.037471,-0.000205600,-0.219585223,0.002312101,-0.001757652,0.003951326,-0.435746300,0.900059142
859,595749.990519000,496501.267607000,1791356078.240677118,0.036196,-0.000997090,-0.221643044,0.002625753,-0.001607688,0.003513377,-0.446169797,0.894939989
860,595750.007186000,496501.284274000,1791356078.257344007,0.034818,-0.001920949,-0.223959299,0.002873475,-0.001355164,0.003219960,-0.456048165,0.889948238
861,595750.023854000,496501.300941000,1791356078.274012089,0.038494,-0.003012938,-0.226117378,0.003059904,-0.001274039,0.002650554,-0.465189316,0.885206333
862,595750.040521000,496501.317608000,1791356078.290678978,0.037110,-0.004368095,-0.228444027,0.003389863,-0.001075589,0.001671758,-0.473194038,0.880955987
863,595750.057188000,496501.334276000,1791356078.307346106,0.035793,-0.005913527,-0.230903402,0.003473281,-0.001017639,0.000540663,-0.479616494,0.877477459
864,595750.073855000,496501.350943000,1791356078.324012995,0.034535,-0.007338244,-0.232880262,0.003682222,-0.001139661,0.000603998,-0.485017733,0.874503365
865,595750.090523000,496501.367610000,1791356078.340679884,0.038272,-0.008375210,-0.234618179,0.003512144,-0.001213436,0.001143067,-0.489788024,0.871839958
866,595750.107190000,496501.384277000,1791356078.357347965,0.037418,-0.009198790,-0.235921910,0.003475481,-0.001155700,0.001865693,-0.494298113,0.869289687
867,595750.123857000,496501.400945000,1791356078.374015093,0.036079,-0.009880732,-0.237008862,0.003720228,-0.000736657,0.002928526,-0.498679934,0.866780944
868,595750.140524000,496501.417612000,1791356078.390681982,0.034824,-0.010774753,-0.238289612,0.004191575,-0.000322955,0.003327868,-0.502638300,0.864490347
869,595750.157192000,496501.434279000,1791356078.407349110,0.033540,-0.011744411,-0.239483927,0.004343383,-0.000304564,0.003458781,-0.506059515,0.862491572
870,595750.173859000,496501.450946000,1791356078.424016953,0.037376,-0.012384579,-0.240634236,0.003986862,-0.000506340,0.004027854,-0.509193744,0.860642348
871,595750.190526000,496501.467614000,1791356078.440684080,0.036144,-0.012688172,-0.241529602,0.003862634,-0.000670627,0.005243981,-0.512462509,0.858693326
872,595750.207193000,496501.484281000,1791356078.457350969,0.034934,-0.012911541,-0.242322258,0.003759632,-0.000517503,0.005685588,-0.516022412,0.856556056
873,595750.223861000,496501.500948000,1791356078.474018097,0.033664,-0.013262348,-0.243140160,0.003773063,-0.000524216,0.005799668,-0.519792612,0.854272632
874,595750.240528000,496501.517615000,1791356078.490684986,0.032286,-0.013425144,-0.244111166,0.003765676,-0.000441851,0.006000691,-0.523532108,0.851984699
875,595750.257195000,496501.534283000,1791356078.507352114,0.030990,-0.013891367,-0.245081917,0.003860485,-0.000487990,0.006015942,-0.527080933,0.849793658
876,595750.273862000,496501.550950000,1791356078.524019957,0.034808,-0.014345313,-0.246053488,0.003966730,-0.000576699,0.006044934,-0.530291403,0.847793698
877,595750.290530000,496501.567617000,1791356078.540687084,0.033494,-0.014880701,-0.246812355,0.004094493,-0.000548732,0.006121044,-0.533449101,0.845809842
878,595750.307197000,496501.584284000,1791356078.557353973,0.037224,-0.015700411,-0.247049478,0.003948340,-0.000609354,0.006181941,-0.536835279,0.843664208
879,595750.323864000,496501.600951000,1791356078.574021101,0.036289,-0.015998934,-0.247827837,0.003949629,-0.000620388,0.006373866,-0.540561436,0.841280169
880,595750.340531000,496501.617619000,1791356078.590688944,0.035046,-0.016317468,-0.248598753,0.003987860,-0.000810224,0.006509594,-0.544737522,0.838580945
881,595750.357198000,496501.634286000,1791356078.607356071,0.033779,-0.016499449,-0.249202046,0.004003578,-0.001042707,0.006833537,-0.549698704,0.835334395
882,595750.373866000,496501.650953000,1791356078.624022961,0.037493,-0.016603514,-0.249794990,0.004066875,-0.001211574,0.007144985,-0.555555651,0.831447774
883,595750.390533000,496501.667620000,1791356078.640690088,0.036215,-0.016885306,-0.250358975,0.004230139,-0.001298671,0.007147572,-0.562079187,0.827051518
884,595750.407200000,496501.684288000,1791356078.657356977,0.034987,-0.017183165,-0.250929560,0.004493721,-0.001605153,0.007258795,-0.569352798,0.822059685
885,595750.423867000,496501.700955000,1791356078.674025059,0.033804,-0.017623927,-0.251708375,0.004655774,-0.001732423,0.007304217,-0.577258829,0.816526724
886,595750.440535000,496501.717622000,1791356078.690691948,0.037580,-0.018424924,-0.252719272,0.004971025,-0.001632891,0.006567701,-0.585078850,0.810948173
887,595750.457202000,496501.734289000,1791356078.707359076,0.036266,-0.019267104,-0.253746153,0.005179211,-0.001432914,0.006046324,-0.592437306,0.805592594
888,595750.473869000,496501.750957000,1791356078.724025965,0.029936,-0.020060074,-0.254482774,0.005424392,-0.001248444,0.005297757,-0.598597839,0.801031212
889,595750.490536000,496501.767624000,1791356078.740694046,0.033642,-0.021077235,-0.255317328,0.005702775,-0.001187639,0.004706057,-0.603691619,0.797203156
890,595750.507203000,496501.784291000,1791356078.757360935,0.032381,-0.021892711,-0.256025949,0.005911488,-0.001156799,0.004645623,-0.607902441,0.793997294
891,595750.523871000,496501.800958000,1791356078.774028063,0.026084,-0.022522056,-0.256648545,0.006027521,-0.001110956,0.004650594,-0.611701189,0.791074455
892,595750.540538000,496501.817625000,1791356078.790695906,0.035432,-0.022778057,-0.257679221,0.006251079,-0.001103621,0.004859255,-0.615283886,0.788289863
893,595750.557205000,496501.834293000,1791356078.807363033,0.029119,-0.023058980,-0.258070801,0.006321228,-0.001189295,0.005213484,-0.618786275,0.785541184
894,595750.573872000,496501.850960000,1791356078.824029922,0.032956,-0.023228320,-0.258504951,0.006353949,-0.001214243,0.005419766,-0.622363924,0.782708310
895,595750.590540000,496501.867627000,1791356078.840697050,0.036738,-0.023282146,-0.258716814,0.006318351,-0.001419041,0.006066002,-0.626075470,0.779737582
896,595750.607207000,496501.884294000,1791356078.857364893,0.030311,-0.023344144,-0.258824612,0.006302743,-0.001603195,0.006403692,-0.630186518,0.776415723
897,595750.623874000,496501.900962000,1791356078.874032021,0.034011,-0.023350549,-0.258969679,0.006335861,-0.001862646,0.006719767,-0.634772652,0.772667494
898,595750.640541000,496501.917629000,1791356078.890698910,0.032757,-0.023295504,-0.259158436,0.006355397,-0.002033712,0.007040453,-0.640145027,0.768219136
899,595750.657208000,496501.934296000,1791356078.907366037,0.031497,-0.023296644,-0.259673427,0.006346897,-0.001958428,0.007011141,-0.646023119,0.763283131
900,595750.673876000,496501.950963000,1791356078.924032927,0.035217,-0.023460583,-0.260176292,0.006425140,-0.001945269,0.006866124,-0.652104788,0.758095256
901,595750.690543000,496501.967630000,1791356078.940701008,0.028909,-0.023746869,-0.260680244,0.006577627,-0.001883755,0.006781489,-0.658328185,0.752698123
902,595750.707210000,496501.984298000,1791356078.957367897,0.032745,-0.024066577,-0.261169553,0.006829549,-0.001872497,0.006743701,-0.664640326,0.747130680
903,595750.723877000,496502.000965000,1791356078.974035025,0.031608,-0.024579065,-0.261630768,0.006990812,-0.001873670,0.006585052,-0.670938459,0.741481430
904,595750.740545000,496502.017632000,1791356078.990701914,0.030997,-0.025097128,-0.262065038,0.007146461,-0.001932045,0.006388273,-0.677178220,0.735788771
905,595750.757212000,496502.034299000,1791356079.007369995,0.029732,-0.025598838,-0.262528619,0.007283361,-0.001819233,0.006324010,-0.683424934,0.729991135
906,595750.773879000,496502.050967000,1791356079.024036884,0.033468,-0.026134230,-0.263132670,0.007420192,-0.001913895,0.006193161,-0.689494384,0.724262022
907,595750.790546000,496502.067634000,1791356079.040704012,0.032185,-0.026844012,-0.263830304,0.007447589,-0.001727915,0.005836991,-0.695144768,0.718843999
908,595750.807213000,496502.084301000,1791356079.057370901,0.030955,-0.027541488,-0.264548680,0.007462611,-0.001517294,0.005581583,-0.700381461,0.713745299
909,595750.823881000,496502.100968000,1791356079.074038982,0.034772,-0.028231637,-0.265186326,0.007514237,-0.001430139,0.005377140,-0.705124267,0.709061922
910,595750.840548000,496502.117635000,1791356079.090706110,0.028406,-0.028845889,-0.265775674,0.007507554,-0.001385940,0.005449447,-0.709576788,0.704605681
911,595750.857215000,496502.134303000,1791356079.107372999,0.027112,-0.029468576,-0.266292038,0.007573656,-0.001344187,0.005429201,-0.713490570,0.700642508
912,595750.873882000,496502.150970000,1791356079.124039888,0.030875,-0.030145069,-0.266638999,0.007692345,-0.001232160,0.005447007,-0.717015859,0.697034483
913,595750.890550000,496502.167637000,1791356079.140707970,0.029605,-0.030829434,-0.267015601,0.007758918,-0.001211830,0.005400392,-0.719996044,0.693956096
914,595750.907217000,496502.184304000,1791356079.157375097,0.028248,-0.031479746,-0.267375293,0.007838630,-0.001254856,0.005349540,-0.722403201,0.691450232
915,595750.923884000,496502.200972000,1791356079.174041986,0.026865,-0.031768448,-0.268001372,0.007696937,-0.001135720,0.005578211,-0.724535277,0.689214209
916,595750.940551000,496502.217639000,1791356079.190709114,0.030557,-0.032018663,-0.268490842,0.007644879,-0.001151667,0.005740490,-0.726465337,0.687178168
917,595750.957219000,496502.234306000,1791356079.207376003,0.029617,-0.032335882,-0.268927477,0.007661857,-0.001129107,0.005754757,-0.728038366,0.685511302
918,595750.973886000,496502.250973000,1791356079.224044085,0.028310,-0.032577546,-0.269318471,0.007634673,-0.001151030,0.005865953,-0.729434153,0.684024913
919,595750.990553000,496502.267640000,1791356079.240710974,0.026993,-0.032834308,-0.269690362,0.007636251,-0.001182455,0.005908067,-0.730533990,0.682849754
920,595751.007220000,496502.284308000,1791356079.257378101,0.030892,-0.033025631,-0.270039013,0.007596779,-0.001253846,0.005912616,-0.731191233,0.682145769
921,595751.023887000,496502.300975000,1791356079.274044991,0.029518,-0.033145065,-0.270257961,0.007572379,-0.001406048,0.005977000,-0.731296135,0.682032449
922,595751.040555000,496502.317642000,1791356079.290713072,0.028142,-0.033224128,-0.270491393,0.007531966,-0.001542903,0.006031091,-0.730949683,0.682402965
923,595751.057222000,496502.334309000,1791356079.307379961,0.026799,-0.033224395,-0.270577054,0.007532787,-0.001620178,0.006087206,-0.729898167,0.683526874
924,595751.073889000,496502.350977000,1791356079.324047089,0.025595,-0.033336531,-0.270842488,0.007464878,-0.001648410,0.005946174,-0.727731326,0.685834559
925,595751.090556000,496502.367644000,1791356079.340713978,0.024413,-0.033417123,-0.271044120,0.007400566,-0.001738574,0.005879879,-0.724606565,0.689135494
926,595751.107224000,496502.384311000,1791356079.357382059,0.028414,-0.033754079,-0.271294685,0.007315958,-0.001850161,0.005510860,-0.719648117,0.694314622
927,595751.123891000,496502.400978000,1791356079.374048948,0.027139,-0.033979929,-0.271595335,0.007200305,-0.001871773,0.005300859,-0.712615472,0.701532314
928,595751.140558000,496502.417646000,1791356079.390716076,0.025824,-0.034215811,-0.271641565,0.006907893,-0.002323470,0.004898167,-0.703279999,0.710892293
929,595751.157225000,496502.434313000,1791356079.407382965,0.029525,-0.033819042,-0.271776403,0.006342489,-0.002316087,0.005044549,-0.692644269,0.721258002
930,595751.173893000,496502.450980000,1791356079.424050093,0.028590,-0.033177132,-0.271474474,0.006060042,-0.002412621,0.005283173,-0.681766359,0.731546922
931,595751.190560000,496502.467647000,1791356079.440717936,0.027237,-0.032370906,-0.271030301,0.005760265,-0.002793718,0.005367850,-0.670856692,0.741562324
932,595751.207227000,496502.484315000,1791356079.457385063,0.025826,-0.031779854,-0.270381883,0.005536600,-0.002911763,0.005376050,-0.659276721,0.751875538
933,595751.223894000,496502.500982000,1791356079.474051952,0.024573,-0.031177633,-0.270378420,0.005367047,-0.002840120,0.005359614,-0.646547996,0.762849197
934,595751.240561000,496502.517649000,1791356079.490719080,0.028400,-0.030739299,-0.270434290,0.005208420,-0.002809830,0.005336155,-0.632094303,0.774868003
935,595751.257229000,496502.534316000,1791356079.507385969,0.027137,-0.030124048,-0.270792434,0.004887902,-0.002634946,0.005233207,-0.615765885,0.787907383
936,595751.273896000,496502.550983000,1791356079.524054050,0.025909,-0.029295700,-0.270800754,0.004523329,-0.002649817,0.005171275,-0.598194782,0.801329669
937,595751.290563000,496502.567651000,1791356079.540720940,0.029634,-0.028298564,-0.270259257,0.004082795,-0.002736501,0.005182744,-0.579956711,0.814626211
938,595751.307230000,496502.584318000,1791356079.557388067,0.028286,-0.027494332,-0.269307595,0.003745735,-0.003160763,0.005044382,-0.561211793,0.827650824
939,595751.323898000,496502.600985000,1791356079.574054956,0.026928,-0.026580563,-0.268604730,0.003249194,-0.003123078,0.005032638,-0.541753221,0.840516726
940,595751.340565000,496502.617652000,1791356079.590723038,0.030679,-0.025808175,-0.267711008,0.002567126,-0.003412385,0.004891048,-0.521490684,0.853236134
941,595751.357232000,496502.634320000,1791356079.607389927,0.029330,-0.024700507,-0.267260258,0.001895503,-0.003839488,0.004825597,-0.500919767,0.865471755
942,595751.373899000,496502.650987000,1791356079.624057055,0.027984,-0.023703569,-0.266142167,0.001535929,-0.004046353,0.004822872,-0.480171321,0.877152136
943,595751.390566000,496502.667654000,1791356079.640723944,0.027041,-0.022637385,-0.264877821,0.001131799,-0.004079043,0.004791494,-0.459424230,0.888194675
944,595751.407234000,496502.684321000,1791356079.657392025,0.025683,-0.021721115,-0.263009576,0.000483546,-0.004435028,0.004753785,-0.439116729,0.898406495
945,595751.423901000,496502.700988000,1791356079.674058914,0.029321,-0.020924761,-0.260601270,-0.000493784,-0.004690275,0.004859915,-0.419444588,0.907755815
946,595751.440568000,496502.717656000,1791356079.690726042,0.027939,-0.019752980,-0.257945367,-0.001191813,-0.004616840,0.005203103,-0.401034984,0.916036328
947,595751.457235000,496502.734323000,1791356079.707392931,0.026557,-0.018024226,-0.254697047,-0.001484511,-0.004607339,0.005615504,-0.385200696,0.922804238
948,595751.473903000,496502.750990000,1791356079.724060059,0.030277,-0.015922213,-0.250977654,-0.002032079,-0.004525413,0.006113607,-0.372141725,0.928144752
949,595751.490570000,496502.767657000,1791356079.740727901,0.028971,-0.013436641,-0.247403168,-0.002509222,-0.004840109,0.006237416,-0.363189357,0.931681898
950,595751.507237000,496502.784325000,1791356079.757395029,0.032673,-0.011042545,-0.244286840,-0.002888847,-0.004739888,0.006513581,-0.357179107,0.934001174
951,595751.523904000,496502.800992000,1791356079.774061918,0.026245,-0.008439704,-0.242945570,-0.003380994,-0.004655168,0.006676444,-0.353858362,0.935263607
952,595751.540572000,496502.817659000,1791356079.790729046,0.024912,-0.006682394,-0.241155696,-0.003725685,-0.004937108,0.006456364,-0.351989396,0.935968699
953,595751.557239000,496502.834326000,1791356079.807396889,0.033725,-0.005608137,-0.239612950,-0.003850867,-0.005395324,0.006203330,-0.350869143,0.936388410
954,595751.573906000,496502.850994000,1791356079.824064016,0.032386,-0.004855761,-0.238351810,-0.003892008,-0.005406508,0.006123169,-0.350550098,0.936508358
955,595751.590573000,496502.867661000,1791356079.840730906,0.036498,-0.004400088,-0.237299076,-0.003788095,-0.005260047,0.006068028,-0.350773873,0.936425758
956,595751.607241000,496502.884328000,1791356079.857398033,0.035142,-0.004122249,-0.236448006,-0.003649978,-0.005190932,0.006042111,-0.351192073,0.936269552
957,595751.623908000,496502.900995000,1791356079.874066114,0.028701,-0.004038971,-0.235828909,-0.003641002,-0.005261615,0.005925022,-0.351555094,0.936133658
958,595751.640575000,496502.917663000,1791356079.890733004,0.032407,-0.003829021,-0.235506713,-0.003524531,-0.005252925,0.005783967,-0.351684155,0.936086111
959,595751.657242000,496502.934330000,1791356079.907399893,0.031070,-0.004061838,-0.235090733,-0.003599072,-0.005324296,0.005579030,-0.351526887,0.936146022
960,595751.673910000,496502.950997000,1791356079.924067020,0.029719,-0.004433451,-0.234778578,-0.003560788,-0.005421708,0.005360427,-0.350883769,0.936387981
961,595751.690577000,496502.967664000,1791356079.940735102,0.028382,-0.004743303,-0.234377552,-0.003519801,-0.005516894,0.005216055,-0.349906942,0.936753697
962,595751.707244000,496502.984332000,1791356079.957401991,0.027004,-0.004840858,-0.233831774,-0.003619341,-0.005492084,0.005253625,-0.348782820,0.937172759
963,595751.723911000,496503.000999000,1791356079.974069118,0.025624,-0.004841750,-0.233269439,-0.003684258,-0.005412110,0.005257670,-0.347837875,0.937524335
964,595751.740578000,496503.017666000,1791356079.990736008,0.029336,-0.004813606,-0.232747388,-0.003721632,-0.005473905,0.005160139,-0.347070425,0.937808898
965,595751.757246000,496503.034333000,1791356080.007402897,0.028004,-0.005065493,-0.231703652,-0.003697265,-0.005487491,0.005123808,-0.346416923,0.938050611
966,595751.773913000,496503.051000000,1791356080.024070978,0.026676,-0.005045279,-0.231079556,-0.003729709,-0.005452825,0.005149856,-0.346065861,0.938180242
967,595751.790580000,496503.067668000,1791356080.040738106,0.030422,-0.005029975,-0.230403439,-0.003725766,-0.005444977,0.005161800,-0.345685536,0.938320424
968,595751.807247000,496503.084335000,1791356080.057404995,0.024398,-0.005049782,-0.229729835,-0.003716869,-0.005513817,0.005003263,-0.345227434,0.938489523
969,595751.823915000,496503.101002000,1791356080.074071884,0.033157,-0.003512456,-0.231966843,-0.003805505,-0.005141770,0.005112607,-0.344414091,0.938789836
970,595751.840582000,496503.117669000,1791356080.090739965,0.026732,-0.003559258,-0.231281934,-0.003836827,-0.005303863,0.004859391,-0.343463825,0.939138358
971,595751.857249000,496503.134337000,1791356080.107407093,0.025391,-0.003572105,-0.230622084,-0.003905310,-0.005354377,0.004748436,-0.342524685,0.939481571
972,595751.873916000,496503.151004000,1791356080.124073982,0.034222,-0.003473463,-0.229774377,-0.004269914,-0.005401219,0.004591232,-0.341257637,0.939943069
973,595751.890583000,496503.167671000,1791356080.140741110,0.027830,-0.003509844,-0.228915457,-0.004413322,-0.005565106,0.004138213,-0.339705191,0.940506400
974,595751.907251000,496503.184338000,1791356080.157408953,0.026505,-0.003489178,-0.228008842,-0.004590731,-0.005605184,0.003994239,-0.338079793,0.941092281
975,595751.923918000,496503.201005000,1791356080.174076080,0.025194,-0.003384889,-0.226990479,-0.004802101,-0.005488710,0.004018233,-0.336322013,0.941722481
976,595751.940585000,496503.217673000,1791356080.190742970,0.034012,-0.002892109,-0.226237420,-0.004990596,-0.005387438,0.004075574,-0.335089912,0.942161937
977,595751.957252000,496503.234340000,1791356080.207410097,0.027580,-0.002539211,-0.225018570,-0.005117236,-0.005116864,0.004365184,-0.334516242,0.942365983
978,595751.973920000,496503.251007000,1791356080.224076986,0.026210,-0.001967756,-0.223758195,-0.005265172,-0.005161726,0.004417286,-0.334861794,0.942242762
979,595751.990587000,496503.267674000,1791356080.240745068,0.029915,-0.001590690,-0.222458462,-0.005414957,-0.005020328,0.004684462,-0.335823144,0.941900031
980,595752.007254000,496503.284342000,1791356080.257411957,0.028552,-0.001224708,-0.221246903,-0.005605971,-0.005001084,0.004674566,-0.337525458,0.941291508
981,595752.023921000,496503.301009000,1791356080.274079084,0.032792,-0.000586144,-0.220137626,-0.006131146,-0.004747993,0.004839467,-0.340059884,0.940379344
982,595752.040589000,496503.317676000,1791356080.290745974,0.026407,-0.000202327,-0.219089185,-0.006314559,-0.004653760,0.004915670,-0.342938995,0.939333287
983,595752.057256000,496503.334343000,1791356080.307414055,0.035143,0.000277016,-0.219253575,-0.006108693,-0.004854886,0.004806576,-0.345235582,0.938491193
984,595752.073923000,496503.351011000,1791356080.324080944,0.028750,0.000330550,-0.218688200,-0.006128803,-0.004884288,0.004691140,-0.347029905,0.937829613
985,595752.090590000,496503.367678000,1791356080.340748072,0.037549,-0.000164958,-0.218754125,-0.005832708,-0.005079612,0.004485540,-0.347727245,0.937571246
986,595752.107257000,496503.384345000,1791356080.357414961,0.031172,-0.000452611,-0.218499793,-0.005703831,-0.005056789,0.004471673,-0.347637716,0.937604635
987,595752.123925000,496503.401012000,1791356080.374083042,0.029852,-0.000579547,-0.218312529,-0.005554939,-0.004628308,0.004838995,-0.347185108,0.937772714
988,595752.140592000,496503.417680000,1791356080.390749931,0.028503,-0.000644588,-0.218251441,-0.005481744,-0.004349463,0.005096249,-0.347316098,0.937724181
989,595752.157259000,496503.434347000,1791356080.407417059,0.027161,-0.000735592,-0.218301287,-0.005479044,-0.004321161,0.005102535,-0.347404521,0.937691522
990,595752.173926000,496503.451014000,1791356080.424083948,0.030873,-0.000583106,-0.218767481,-0.005284630,-0.004141579,0.005187985,-0.347529520,0.937645543
991,595752.190594000,496503.467681000,1791356080.440752029,0.029767,-0.000735819,-0.218835923,-0.005274926,-0.004155664,0.005211258,-0.347528094,0.937645880
992,595752.207261000,496503.484348000,1791356080.457418919,0.028577,-0.000845818,-0.218885360,-0.005260300,-0.004162251,0.005199901,-0.347513870,0.937651186
993,595752.223928000,496503.501016000,1791356080.474086046,0.027715,-0.000936901,-0.218870995,-0.005255776,-0.004180859,0.005201433,-0.347499005,0.937656604
994,595752.240595000,496503.517683000,1791356080.490752935,0.031442,-0.000773978,-0.218861986,-0.005337829,-0.004173936,0.005220046,-0.347532517,0.937644111
995,595752.257263000,496503.534350000,1791356080.507420063,0.025033,-0.000830520,-0.218845331,-0.005335812,-0.004181614,0.005230489,-0.347586468,0.937624020
996,595752.273930000,496503.551017000,1791356080.524087906,0.028729,-0.000460409,-0.218700402,-0.005395564,-0.004183411,0.005300586,-0.348089652,0.937436930
997,595752.290597000,496503.567685000,1791356080.540755033,0.038464,0.000257484,-0.218220791,-0.005574821,-0.004279618,0.005390708,-0.350377610,0.936583235
998,595752.307264000,496503.584352000,1791356080.557421923,0.032449,0.001461232,-0.217532320,-0.005753144,-0.004414731,0.005519083,-0.355757495,0.934551579
999,595752.323932000,496503.601019000,1791356080.574089050,0.036347,0.003347804,-0.216369970,-0.005962012,-0.004633303,0.005674335,-0.365494575,0.930784642
1000,595752.340599000,496503.617686000,1791356080.590756893,0.029956,0.005298066,-0.216060538,-0.005934272,-0.004676625,0.005750765,-0.379375844,0.925212963
1001,595752.357266000,496503.634354000,1791356080.607424021,0.033707,0.008235715,-0.215254996,-0.005988687,-0.004978196,0.005845875,-0.400091353,0.916443098
1002,595752.373933000,496503.651021000,1791356080.624090910,0.032416,0.010858528,-0.214604938,-0.005524201,-0.005386605,0.005870254,-0.425671284,0.904842794
1003,595752.390600000,496503.667688000,1791356080.640758038,0.031120,0.012559746,-0.214236780,-0.005395903,-0.006201105,0.004454320,-0.455594169,0.890154851
1004,595752.407268000,496503.684355000,1791356080.657426119,0.034914,0.012632507,-0.214163205,-0.005011491,-0.007132679,0.003268295,-0.486975971,0.873380127
1005,595752.423935000,496503.701022000,1791356080.674093008,0.034194,0.011541075,-0.215306348,-0.003391523,-0.006403524,0.003544732,-0.518215620,0.855218686
1006,595752.440602000,496503.717690000,1791356080.690759897,0.037901,0.009278851,-0.217389199,-0.001838528,-0.006202122,0.003202063,-0.547783099,0.836591272
1007,595752.457269000,496503.734357000,1791356080.707427025,0.031470,0.006723820,-0.220622551,-0.000425519,-0.006106659,0.002213420,-0.574395400,0.818552218
1008,595752.473937000,496503.751024000,1791356080.724095106,0.030129,0.002761965,-0.223549768,0.000759018,-0.005626216,0.001806209,-0.596824892,0.802349756
1009,595752.490604000,496503.767691000,1791356080.740761995,0.034122,-0.001745098,-0.227016647,0.001754957,-0.005190558,0.001271269,-0.615016660,0.788496005
1010,595752.507271000,496503.784359000,1791356080.757428885,0.033059,-0.006210370,-0.230385396,0.002267035,-0.004936925,0.000434756,-0.628111880,0.778107258
1011,595752.523938000,496503.801026000,1791356080.774096012,0.036949,-0.010629672,-0.234360384,0.002568968,-0.004802451,-0.000755234,-0.636782883,0.771027837
1012,595752.540606000,496503.817693000,1791356080.790762901,0.030611,-0.014981674,-0.237288551,0.003266675,-0.004242461,-0.001039201,-0.640358913,0.768063398
1013,595752.557273000,496503.834360000,1791356080.807430983,0.034302,-0.018462921,-0.240070528,0.003963186,-0.003300581,-0.000473017,-0.640411023,0.768025132
1014,595752.573940000,496503.851028000,1791356080.824098110,0.027943,-0.020007642,-0.242312599,0.003876760,-0.002377885,0.001125403,-0.639015866,0.769189055
1015,595752.590607000,496503.867695000,1791356080.840764999,0.031770,-0.019979877,-0.242635067,0.003396076,-0.002833929,0.001790320,-0.637850536,0.770152879
1016,595752.607275000,496503.884362000,1791356080.857431889,0.030497,-0.019405090,-0.242805840,0.002983361,-0.002759222,0.002613460,-0.636842098,0.770984888
1017,595752.623942000,496503.901029000,1791356080.874099970,0.034332,-0.019080255,-0.242942247,0.002842350,-0.002904485,0.003080056,-0.635720577,0.771907653
1018,595752.640609000,496503.917697000,1791356080.890767097,0.033483,-0.018747172,-0.242969557,0.002607696,-0.003098067,0.003338281,-0.634372002,0.773014503
1019,595752.657276000,496503.934364000,1791356080.907433987,0.032115,-0.018674716,-0.243063803,0.002456031,-0.003093227,0.003537298,-0.632709330,0.774375118
1020,595752.673943000,496503.951031000,1791356080.924101114,0.030782,-0.018668044,-0.243212780,0.002276903,-0.003148237,0.003627733,-0.630613691,0.776082019
1021,595752.690611000,496503.967698000,1791356080.940768957,0.029529,-0.018803512,-0.243424765,0.002233416,-0.003065448,0.003869165,-0.627754343,0.778395862
1022,595752.707278000,496503.984366000,1791356080.957436085,0.033358,-0.018930921,-0.243600983,0.002106608,-0.003025279,0.004085553,-0.624219224,0.781232690
1023,595752.723945000,496504.001033000,1791356080.974102974,0.032445,-0.019150287,-0.243822406,0.002001174,-0.002975207,0.004185541,-0.619934619,0.784636666
1024,595752.740612000,496504.017700000,1791356080.990770102,0.031273,-0.019420830,-0.244130172,0.001891401,-0.002870637,0.004179706,-0.614715167,0.788732878
1025,595752.757280000,496504.034367000,1791356081.007436991,0.030002,-0.020168910,-0.244458602,0.001911645,-0.002690983,0.004033692,-0.607847274,0.794039155
1026,595752.773947000,496504.051034000,1791356081.024105072,0.033808,-0.021118862,-0.244831330,0.001881806,-0.002476294,0.003938263,-0.599264917,0.800537268
1027,595752.790614000,496504.067702000,1791356081.040771961,0.032457,-0.021624109,-0.244868655,0.001676770,-0.002494255,0.004119689,-0.589018141,0.808105461
1028,595752.807281000,496504.084369000,1791356081.057439089,0.031131,-0.020906339,-0.245360252,0.001158619,-0.002265927,0.003949329,-0.577053431,0.816693704
1029,595752.823949000,496504.101036000,1791356081.074105978,0.029824,-0.020880929,-0.244769244,0.000784226,-0.002482828,0.003890614,-0.563355645,0.826201620
1030,595752.840616000,496504.117703000,1791356081.090774059,0.028594,-0.020624701,-0.244024780,0.000280262,-0.002454275,0.004094492,-0.548727536,0.835987621
1031,595752.857283000,496504.134371000,1791356081.107440948,0.032766,-0.020255532,-0.243122226,-0.000253957,-0.002432184,0.004275736,-0.534057671,0.845433739
1032,595752.873950000,496504.151038000,1791356081.124108076,0.031427,-0.018967162,-0.242780974,-0.000865250,-0.002343224,0.004531594,-0.519754559,0.854300399
1033,595752.890618000,496504.167705000,1791356081.140774965,0.030064,-0.018242561,-0.241903907,-0.001350901,-0.002515166,0.004612222,-0.505810532,0.862628603
1034,595752.907285000,496504.184372000,1791356081.157443047,0.033858,-0.017420875,-0.240800972,-0.001760629,-0.002809212,0.004648137,-0.492666219,0.870201413
1035,595752.923952000,496504.201040000,1791356081.174109936,0.032648,-0.016797460,-0.239480671,-0.002304458,-0.002909380,0.004632806,-0.480622948,0.876910289
1036,595752.940619000,496504.217707000,1791356081.190777063,0.031398,-0.015723300,-0.238433443,-0.002703833,-0.002994254,0.004804652,-0.470010104,0.882642879
1037,595752.957286000,496504.234374000,1791356081.207443953,0.030090,-0.014834711,-0.237382080,-0.003031450,-0.003121303,0.004916144,-0.461080207,0.887339355
1038,595752.973954000,496504.251041000,1791356081.224111080,0.033863,-0.014025154,-0.236353812,-0.003316103,-0.003311221,0.004951650,-0.454320223,0.890818529
1039,595752.990621000,496504.267708000,1791356081.240778923,0.032550,-0.013051286,-0.235028764,-0.003627629,-0.003435452,0.005041912,-0.449828390,0.893094170
1040,595753.007288000,496504.284376000,1791356081.257446051,0.031271,-0.012449638,-0.234189544,-0.003727467,-0.003480197,0.005109843,-0.446928216,0.894548460
1041,595753.023955000,496504.301043000,1791356081.274112940,0.030072,-0.011831456,-0.233551765,-0.003862922,-0.003706537,0.005015740,-0.445680260,0.895170492
1042,595753.040623000,496504.317710000,1791356081.290780067,0.033839,-0.011614248,-0.232904130,-0.003918431,-0.003889385,0.004847193,-0.445518198,0.895251313
1043,595753.057290000,496504.334377000,1791356081.307447910,0.032901,-0.011417295,-0.232777015,-0.003951118,-0.003986774,0.004672106,-0.445505029,0.895258369
1044,595753.073957000,496504.351045000,1791356081.324115038,0.031547,-0.011454172,-0.232776744,-0.003898765,-0.003986188,0.004585862,-0.445489067,0.895266760
1045,595753.090624000,496504.367712000,1791356081.340781927,0.030211,-0.011455211,-0.232765456,-0.003891235,-0.003999444,0.004508910,-0.445496630,0.895263328
1046,595753.107292000,496504.384379000,1791356081.357449055,0.028922,-0.011548433,-0.232724376,-0.003890176,-0.004039013,0.004428900,-0.445482750,0.895270457
1047,595753.123959000,496504.401046000,1791356081.374116898,0.032694,-0.011626913,-0.232707538,-0.003875686,-0.004056996,0.004364862,-0.445467734,0.895278162
1048,595753.140626000,496504.417714000,1791356081.390784025,0.031396,-0.011732448,-0.232727933,-0.003865954,-0.004062846,0.004327714,-0.445451114,0.895286585
1049,595753.157293000,496504.434381000,1791356081.407450914,0.030096,-0.011782506,-0.232846636,-0.003848835,-0.004040954,0.004224664,-0.445481721,0.895271947
1050,595753.173961000,496504.451048000,1791356081.424118042,0.033906,-0.011798117,-0.232855240,-0.003866142,-0.004027769,0.004183971,-0.445477277,0.895274409
1051,595753.190628000,496504.467715000,1791356081.440785885,0.032909,-0.011841603,-0.232862288,-0.003879545,-0.003998774,0.004168733,-0.445470300,0.895278082
1052,595753.207295000,496504.484383000,1791356081.457453012,0.031786,-0.011897135,-0.232868735,-0.003900445,-0.003986701,0.004156374,-0.445462411,0.895282118
1053,595753.223962000,496504.501050000,1791356081.474119902,0.030714,-0.012001711,-0.232941524,-0.003895176,-0.004076339,0.004179487,-0.445386683,0.895319283
1054,595753.240629000,496504.517717000,1791356081.490787029,0.029527,-0.012060321,-0.232948797,-0.003909555,-0.004098423,0.004153854,-0.445373146,0.895326035
1055,595753.257297000,496504.534384000,1791356081.507455111,0.028257,-0.012122891,-0.232951110,-0.003925443,-0.004083535,0.004153130,-0.445361098,0.895332100
1056,595753.273964000,496504.551052000,1791356081.524122000,0.032617,-0.012135187,-0.233101866,-0.003878921,-0.004025683,0.004169148,-0.445340294,0.895342635
1057,595753.290631000,496504.567719000,1791356081.540788889,0.026211,-0.012175219,-0.233119086,-0.003893413,-0.004010384,0.004164758,-0.445326062,0.895349803
1058,595753.307298000,496504.584386000,1791356081.557456017,0.029879,-0.012210981,-0.233130681,-0.003905615,-0.004008790,0.004155377,-0.445313640,0.895356032
1059,595753.323966000,496504.601053000,1791356081.574122906,0.028702,-0.012242866,-0.233140442,-0.003910701,-0.003984906,0.004164344,-0.445298217,0.895363768
1060,595753.340633000,496504.617720000,1791356081.590790987,0.027517,-0.012271246,-0.233147876,-0.003904414,-0.003984554,0.004160174,-0.445281938,0.895371885
1061,595753.357300000,496504.634388000,1791356081.607458115,0.026260,-0.012301999,-0.233147956,-0.003906497,-0.003979178,0.004156390,-0.445272243,0.895376748
1062,595753.373967000,496504.651055000,1791356081.624125004,0.025012,-0.012334762,-0.233139022,-0.003911797,-0.003992301,0.004139311,-0.445264052,0.895380842
1063,595753.390635000,496504.667722000,1791356081.640791893,0.028750,-0.012292185,-0.233178749,-0.003870148,-0.003964840,0.004149888,-0.445263628,0.895381125
1064,595753.407302000,496504.684389000,1791356081.657459974,0.027419,-0.012321104,-0.233167729,-0.003886388,-0.003958385,0.004137963,-0.445255710,0.895385147
1065,595753.423969000,496504.701057000,1791356081.674127102,0.026123,-0.012345338,-0.233158338,-0.003890854,-0.003936092,0.004147042,-0.445249069,0.895388505
1066,595753.440636000,496504.717724000,1791356081.690793991,0.024860,-0.012364399,-0.233155842,-0.003885116,-0.003887158,0.004170344,-0.445239869,0.895393186
1067,595753.457303000,496504.734391000,1791356081.707461119,0.028682,-0.012392379,-0.233136192,-0.003896553,-0.003901876,0.004164444,-0.445230520,0.895397798
1068,595753.473971000,496504.751058000,1791356081.724128962,0.027789,-0.012414742,-0.233116741,-0.003907752,-0.003926677,0.004139395,-0.445228988,0.895398567
1069,595753.490638000,496504.767726000,1791356081.740796089,0.026416,-0.012432543,-0.233100049,-0.003917356,-0.003937305,0.004128184,-0.445224832,0.895400639
1070,595753.507305000,496504.784393000,1791356081.757462978,0.030105,-0.012453603,-0.233083809,-0.003831574,-0.003894129,0.004153457,-0.445242037,0.895392156
1071,595753.523972000,496504.801060000,1791356081.774130106,0.028811,-0.012485904,-0.233064198,-0.003840243,-0.003866348,0.004157848,-0.445236790,0.895394865
1072,595753.540640000,496504.817727000,1791356081.790797949,0.027609,-0.012513247,-0.233052100,-0.003838786,-0.003816186,0.004184240,-0.445230786,0.895397943
1073,595753.557307000,496504.834394000,1791356081.807465076,0.031418,-0.012540555,-0.233044883,-0.003828314,-0.003755986,0.004208587,-0.445225021,0.895400950
1074,595753.573974000,496504.851062000,1791356081.824131966,0.030165,-0.012534884,-0.233141385,-0.003799404,-0.003817074,0.004254490,-0.445158776,0.895433411
1075,595753.590641000,496504.867729000,1791356081.840799093,0.028912,-0.012556613,-0.233145247,-0.003811228,-0.003815377,0.004247220,-0.445152509,0.895436568
1076,595753.607309000,496504.884396000,1791356081.857466936,0.027546,-0.012566008,-0.233148455,-0.003834147,-0.003851468,0.004220996,-0.445150319,0.895437626
1077,595753.623976000,496504.901063000,1791356081.874134064,0.026217,-0.012563502,-0.233149530,-0.003837039,-0.003869212,0.004199966,-0.445158239,0.895433712
1078,595753.640643000,496504.917731000,1791356081.890800953,0.030024,-0.012595299,-0.233114972,-0.003864463,-0.003917317,0.004154674,-0.445155941,0.895434856
1079,595753.657310000,496504.934398000,1791356081.907468081,0.028752,-0.012615170,-0.233094098,-0.003886922,-0.003941620,0.004117085,-0.445153409,0.895436182
1080,595753.673978000,496504.951065000,1791356081.924134970,0.027869,-0.012628948,-0.233084840,-0.003903247,-0.003996342,0.004063330,-0.445148093,0.895438827
1081,595753.690645000,496504.967732000,1791356081.940803051,0.026679,-0.012646494,-0.233086111,-0.003907508,-0.004002610,0.004033061,-0.445134429,0.895445729
1082,595753.707312000,496504.984400000,1791356081.957469940,0.025515,-0.012667976,-0.233085487,-0.003904822,-0.003985213,0.004023425,-0.445070916,0.895477420
1083,595753.723979000,496505.001067000,1791356081.974137068,0.029415,-0.012682299,-0.233087495,-0.003911708,-0.003948188,0.004045330,-0.444998124,0.895513661
1084,595753.740646000,496505.017734000,1791356081.990803957,0.033324,-0.012690840,-0.233172338,-0.003885926,-0.003963535,0.003998269,-0.444887127,0.895568952
1085,595753.757314000,496505.034401000,1791356082.007472038,0.027085,-0.012772809,-0.233174116,-0.003908458,-0.004008384,0.003911671,-0.444507067,0.895757835
1086,595753.773981000,496505.051068000,1791356082.024138927,0.025896,-0.012839898,-0.233184071,-0.003938180,-0.003954427,0.003954192,-0.443974296,0.896022071
1087,595753.790648000,496505.067736000,1791356082.040806055,0.029847,-0.012889518,-0.233189363,-0.003958592,-0.003921390,0.003975628,-0.443447626,0.896282891
1088,595753.807315000,496505.084403000,1791356082.057472944,0.028716,-0.012900204,-0.233175058,-0.003991876,-0.003942529,0.003988415,-0.443173579,0.896418277
1089,595753.823983000,496505.101070000,1791356082.074141026,0.027553,-0.012877292,-0.233171091,-0.004021044,-0.003914468,0.004009279,-0.443183310,0.896413496
1090,595753.840650000,496505.117737000,1791356082.090807915,0.031491,-0.012568902,-0.233049422,-0.004025877,-0.003905268,0.004067912,-0.443845611,0.896085529
1091,595753.857317000,496505.134405000,1791356082.107475042,0.030354,-0.012063789,-0.232757053,-0.004094490,-0.003841696,0.004185056,-0.446245821,0.894892393
1092,595753.873984000,496505.151072000,1791356082.124141932,0.029766,-0.011355357,-0.232489938,-0.004188226,-0.003927255,0.004201652,-0.451107465,0.892451107
1093,595753.890651000,496505.167739000,1791356082.140809059,0.028643,-0.010231316,-0.232008197,-0.004388901,-0.004134469,0.004263294,-0.459200028,0.888313044
1094,595753.907319000,496505.184406000,1791356082.157476902,0.032579,-0.009268274,-0.231697976,-0.004363483,-0.004365070,0.004234420,-0.470412431,0.882425725
1095,595753.923986000,496505.201074000,1791356082.174144030,0.031456,-0.007862084,-0.231321745,-0.004374898,-0.004709623,0.004322531,-0.486556953,0.873625473
1096,595753.940653000,496505.217741000,1791356082.190810919,0.030299,-0.007154759,-0.231411119,-0.004059564,-0.004967713,0.004078797,-0.506080687,0.862462187
1097,595753.957321000,496505.234408000,1791356082.207478046,0.034225,-0.006336542,-0.231554107,-0.003564139,-0.005138197,0.004102757,-0.530241957,0.847820873
1098,595753.973988000,496505.251075000,1791356082.224145889,0.033094,-0.006256653,-0.232545315,-0.002937282,-0.005028312,0.004013577,-0.556441615,0.830861804
1099,595753.990655000,496505.267743000,1791356082.240813017,0.031948,-0.006636892,-0.233562627,-0.002265355,-0.005000624,0.003856588,-0.584351312,0.811476225
1100,595754.007322000,496505.284410000,1791356082.257479906,0.030836,-0.008049238,-0.235335618,-0.001624934,-0.004911373,0.003504117,-0.611524670,0.791202362
1101,595754.023990000,496505.301077000,1791356082.274147034,0.029684,-0.010266199,-0.237476821,-0.000763496,-0.004582500,0.003155593,-0.636058561,0.771620729
1102,595754.040657000,496505.317744000,1791356082.290815115,0.028409,-0.013314430,-0.239845399,-0.000018663,-0.004060978,0.002823626,-0.656758618,0.754084646
1103,595754.057324000,496505.334412000,1791356082.307482004,0.032157,-0.017042961,-0.241635849,0.000663605,-0.003657254,0.002524130,-0.673606984,0.739076372
1104,595754.073991000,496505.351079000,1791356082.324148893,0.031412,-0.020892357,-0.242979321,0.001162327,-0.003483345,0.002042948,-0.685889194,0.727694789
1105,595754.090658000,496505.367746000,1791356082.340816021,0.030304,-0.023470272,-0.244797593,0.001552209,-0.003538581,0.001659342,-0.696082674,0.717950998
1106,595754.107326000,496505.384413000,1791356082.357482910,0.029226,-0.025001056,-0.245453141,0.001892600,-0.003511442,0.001900676,-0.706342341,0.707859134
1107,595754.123993000,496505.401080000,1791356082.374150991,0.028082,-0.025898752,-0.246615994,0.002167036,-0.003189354,0.002060833,-0.716912618,0.697152695
1108,595754.140660000,496505.417748000,1791356082.390818119,0.026831,-0.026765596,-0.247718042,0.002406045,-0.002576375,0.002447175,-0.727197449,0.686419146
1109,595754.157327000,496505.434415000,1791356082.407485008,0.030593,-0.027723993,-0.249006036,0.002547666,-0.002302514,0.002607612,-0.736840805,0.676057340
1110,595754.173995000,496505.451082000,1791356082.424151897,0.029398,-0.029098889,-0.249757711,0.002662921,-0.002342892,0.002481872,-0.745393014,0.666616536
1111,595754.190662000,496505.467749000,1791356082.440819979,0.028308,-0.030247134,-0.250893311,0.002816825,-0.001941777,0.002652852,-0.753090988,0.657908166
1112,595754.207329000,496505.484417000,1791356082.457487106,0.027379,-0.031108460,-0.252209397,0.003100816,-0.001821015,0.003004382,-0.761155322,0.648560124
1113,595754.223996000,496505.501084000,1791356082.474153996,0.026279,-0.031836217,-0.253515363,0.003346998,-0.001514753,0.003249072,-0.769516890,0.638616399
1114,595754.240663000,496505.517751000,1791356082.490820885,0.025097,-0.032878699,-0.254666466,0.003624548,-0.001264611,0.003382469,-0.777782670,0.628522933
1115,595754.257331000,496505.534418000,1791356082.507488966,0.023865,-0.033930859,-0.255484497,0.003924485,-0.000265003,0.003758054,-0.785348449,0.619042502
1116,595754.273998000,496505.551086000,1791356082.524156094,0.027646,-0.035043281,-0.255508649,0.004309698,-0.000373304,0.003711171,-0.791781698,0.610792789
1117,595754.290665000,496505.567753000,1791356082.540822983,0.026815,-0.036573455,-0.256042956,0.004368480,-0.000339771,0.003701614,-0.797181065,0.603728857
1118,595754.307332000,496505.584420000,1791356082.557490110,0.025530,-0.038260955,-0.256332371,0.004362154,-0.000360016,0.003707959,-0.801630080,0.597808779
1119,595754.324000000,496505.601087000,1791356082.574157953,0.024222,-0.040025548,-0.256352053,0.004381075,-0.000436413,0.003633294,-0.805564177,0.592497228
1120,595754.340667000,496505.617754000,1791356082.590825081,0.027978,-0.042071670,-0.256419994,0.004422588,-0.000491390,0.003399061,-0.808551778,0.588415013
1121,595754.357334000,496505.634422000,1791356082.607491970,0.026675,-0.043614732,-0.256239103,0.004437895,-0.000559229,0.003435335,-0.810715542,0.585429924
1122,595754.374001000,496505.651089000,1791356082.624159098,0.025372,-0.044857647,-0.256173818,0.004457885,-0.000633643,0.003511425,-0.812731437,0.582627565
1123,595754.390669000,496505.667756000,1791356082.640826941,0.024042,-0.045654426,-0.256395857,0.004489712,-0.000636823,0.003574880,-0.814643331,0.579950910
1124,595754.407336000,496505.684423000,1791356082.657494068,0.027826,-0.046297559,-0.256487513,0.004507462,-0.000652893,0.003649769,-0.816431102,0.577430955
1125,595754.424003000,496505.701091000,1791356082.674160957,0.026690,-0.046884594,-0.256569839,0.004557439,-0.000677766,0.003607969,-0.818093222,0.575073910
1126,595754.440670000,496505.717758000,1791356082.690828085,0.025484,-0.047554385,-0.256681364,0.004585959,-0.000668794,0.003542902,-0.819248272,0.573427649
1127,595754.457338000,496505.734425000,1791356082.707494974,0.024177,-0.048133769,-0.256735621,0.004597011,-0.000693110,0.003532279,-0.819933734,0.572447128
1128,595754.474005000,496505.751092000,1791356082.724163055,0.028178,-0.048616394,-0.256741921,0.004604825,-0.000730088,0.003568392,-0.820298575,0.571923930
1129,595754.490672000,496505.767760000,1791356082.740829945,0.027504,-0.048963293,-0.256742144,0.004577343,-0.000753323,0.003619446,-0.820531775,0.571588960
1130,595754.507339000,496505.784427000,1791356082.757497072,0.026301,-0.049101056,-0.256775225,0.004532824,-0.000776494,0.003715929,-0.820704386,0.571340441
1131,595754.524007000,496505.801094000,1791356082.774163961,0.025086,-0.049072034,-0.256736593,0.004474279,-0.000847103,0.003797857,-0.820760885,0.571258636
1132,595754.540674000,496505.817761000,1791356082.790832043,0.028905,-0.049122798,-0.256691978,0.004443184,-0.000887421,0.003813418,-0.820749671,0.571274582
1133,595754.557341000,496505.834429000,1791356082.807498932,0.027704,-0.049100869,-0.257161659,0.004158747,-0.000823016,0.003764582,-0.820705293,0.571338754
1134,595754.574008000,496505.851096000,1791356082.824166059,0.026470,-0.049098522,-0.257133845,0.004140409,-0.000873287,0.003829025,-0.820662093,0.571400302
1135,595754.590676000,496505.867763000,1791356082.840832949,0.025259,-0.049094887,-0.257103510,0.004131314,-0.000918012,0.003854991,-0.820571759,0.571529775
1136,595754.607343000,496505.884430000,1791356082.857501030,0.024009,-0.049125431,-0.257113340,0.004131108,-0.000935676,0.003851199,-0.820394988,0.571783488
1137,595754.624010000,496505.901098000,1791356082.874167919,0.027734,-0.049275882,-0.257194557,0.003976244,-0.000957926,0.003814861,-0.819975604,0.572384956
1138,595754.640677000,496505.917765000,1791356082.890835047,0.026470,-0.049318791,-0.257210051,0.003925770,-0.000988331,0.003785832,-0.819251225,0.573421416
1139,595754.657344000,496505.934432000,1791356082.907501936,0.025243,-0.049315191,-0.257173706,0.003838698,-0.001046190,0.003787159,-0.818298099,0.574780640
1140,595754.674012000,496505.951099000,1791356082.924169064,0.029071,-0.049265651,-0.256593740,0.003824606,-0.001085288,0.003905485,-0.817454447,0.575978989
1141,595754.690370000,496505.967766000,1791356082.940836906,0.028512,-0.049191219,-0.256605029,0.003786655,-0.001143584,0.003913720,-0.816726811,0.577010131
1142,595754.707037000,496505.984434000,1791356082.957504034,0.027201,-0.049164840,-0.256628353,0.003747640,-0.001192947,0.003881847,-0.815964358,0.578087947
1143,595754.723704000,496506.001101000,1791356082.974170923,0.025998,-0.049120433,-0.256601127,0.003735041,-0.001234263,0.003871373,-0.815062563,0.579358703
1144,595754.740371000,496506.017768000,1791356082.990838051,0.024758,-0.049109240,-0.256516397,0.003719176,-0.001284862,0.003867315,-0.813845683,0.581066775
1145,595754.757039000,496506.034435000,1791356083.007505894,0.023507,-0.049000203,-0.256444204,0.003687526,-0.001333205,0.003870378,-0.812361658,0.583139588
1146,595754.773706000,496506.051103000,1791356083.024173021,0.027225,-0.048751261,-0.256374083,0.003663973,-0.001375354,0.003941683,-0.811249109,0.584685774
1147,595754.790373000,496506.067770000,1791356083.040839911,0.025939,-0.048478931,-0.256180283,0.003644097,-0.001436521,0.004043694,-0.810543109,0.585663259
1148,595754.807041000,496506.084437000,1791356083.057507038,0.024670,-0.048318480,-0.256137546,0.003645402,-0.001472725,0.004015323,-0.809853711,0.586616292
1149,595754.823708000,496506.101104000,1791356083.074174881,0.028387,-0.048311408,-0.256030664,0.003620541,-0.001500061,0.003975728,-0.808799259,0.588069470
1150,595754.840375000,496506.117772000,1791356083.090842009,0.027047,-0.048343522,-0.255922738,0.003585274,-0.001533450,0.003933177,-0.807382545,0.590013224
1151,595754.857042000,496506.134439000,1791356083.107508898,0.025704,-0.048286819,-0.255826995,0.003546495,-0.001597515,0.003914883,-0.805741056,0.592252879
1152,595754.873709000,496506.151106000,1791356083.124176025,0.024383,-0.048205451,-0.255663321,0.003533528,-0.001620193,0.003929097,-0.803985910,0.594633159
1153,595754.890377000,496506.167773000,1791356083.140844107,0.023425,-0.048041185,-0.255577447,0.003507114,-0.001661640,0.003961276,-0.802299218,0.596906619
1154,595754.907044000,496506.184441000,1791356083.157510996,0.027792,-0.047904171,-0.255456397,0.003454744,-0.001739116,0.003926362,-0.800372240,0.599487979
1155,595754.923711000,496506.201108000,1791356083.174177885,0.026548,-0.047922070,-0.255239070,0.003391875,-0.001770260,0.003804381,-0.797737894,0.602989756
1156,595754.940378000,496506.217775000,1791356083.190845013,0.030294,-0.048166253,-0.254904064,0.003290192,-0.001822288,0.003648435,-0.793460564,0.608608003
1157,595754.957046000,496506.234442000,1791356083.207511902,0.029012,-0.048299087,-0.254537725,0.003185173,-0.001900466,0.003569151,-0.787872840,0.615824681
1158,595754.973713000,496506.251109000,1791356083.224179983,0.027726,-0.048164701,-0.254144915,0.003044657,-0.002134154,0.003508513,-0.781365926,0.624059634
1159,595754.990380000,496506.267777000,1791356083.240847111,0.026452,-0.047764660,-0.253762494,0.002910649,-0.002148662,0.003624575,-0.774476235,0.632588972
1160,595755.007047000,496506.284444000,1791356083.257514000,0.030195,-0.047157208,-0.253355391,0.002631367,-0.002921160,0.003579058,-0.767267035,0.641311121
1161,595755.023715000,496506.301111000,1791356083.274180889,0.028902,-0.046520622,-0.252843394,0.002537741,-0.003559507,0.003454325,-0.759878369,0.650046354
1162,595755.040382000,496506.317778000,1791356083.290848970,0.027583,-0.045773069,-0.252251862,0.002372994,-0.003887166,0.003453636,-0.752395628,0.658690960
1163,595755.057049000,496506.334446000,1791356083.307516098,0.026201,-0.045045463,-0.251578046,0.002203769,-0.004338994,0.003454990,-0.744640967,0.667442182
1164,595755.073716000,496506.351113000,1791356083.324182987,0.024868,-0.044258885,-0.250807362,0.002055678,-0.004686452,0.003481678,-0.736533660,0.676375696
1165,595755.090384000,496506.367780000,1791356083.340850115,0.028705,-0.043490231,-0.249979336,0.001887884,-0.004854444,0.003584254,-0.728060886,0.685485911
1166,595755.107051000,496506.384447000,1791356083.357517958,0.027893,-0.042644726,-0.249186326,0.001688964,-0.004979753,0.003619257,-0.719419557,0.694548489
1167,595755.123718000,496506.401115000,1791356083.374185085,0.026587,-0.041799938,-0.248349808,0.001470027,-0.005081678,0.003676008,-0.710640103,0.703527759
1168,595755.140385000,496506.417782000,1791356083.390851974,0.025321,-0.040963787,-0.247527710,0.001298250,-0.004964191,0.003902499,-0.702043847,0.712105726
1169,595755.157052000,496506.434449000,1791356083.407519102,0.024082,-0.039848693,-0.246754978,0.001119542,-0.004855011,0.004158225,-0.694159145,0.719793178
1170,595755.173720000,496506.451116000,1791356083.424186945,0.027835,-0.038580508,-0.246178567,0.000960825,-0.004424924,0.004406279,-0.687270331,0.726374901
1171,595755.190387000,496506.467783000,1791356083.440854073,0.026589,-0.037431799,-0.245590251,0.000750043,-0.004464824,0.004451027,-0.681138609,0.732127345
1172,595755.207054000,496506.484451000,1791356083.457520962,0.025345,-0.036578482,-0.245159937,0.000637440,-0.004227707,0.004576495,-0.675417397,0.737409331
1173,595755.223721000,496506.501118000,1791356083.474188089,0.023973,-0.035924787,-0.244872662,0.000369860,-0.004389713,0.004498590,-0.669502096,0.742783573
1174,595755.240389000,496506.517785000,1791356083.490854979,0.027699,-0.035456091,-0.244507731,0.000273786,-0.004261111,0.004550361,-0.663225147,0.748393975
1175,595755.257056000,496506.534452000,1791356083.507523060,0.026428,-0.035209718,-0.244055649,-0.000092212,-0.004162845,0.004590045,-0.656696568,0.754129445
1176,595755.273723000,496506.551120000,1791356083.524189949,0.025099,-0.034609715,-0.243608129,-0.000329201,-0.004336962,0.004552571,-0.650424853,0.759544584
1177,595755.290390000,496506.567787000,1791356083.540857077,0.023792,-0.034090677,-0.243174234,-0.000594734,-0.004157319,0.004687258,-0.644599368,0.764494867
1178,595755.307057000,496506.584454000,1791356083.557524920,0.027547,-0.033585891,-0.242881082,-0.000793618,-0.004258917,0.004688606,-0.639833993,0.768487046
1179,595755.323725000,496506.601121000,1791356083.574192047,0.026801,-0.033153867,-0.242716160,-0.000975503,-0.004228965,0.004656308,-0.636390580,0.771341341
1180,595755.340392000,496506.617789000,1791356083.590858936,0.025546,-0.032765914,-0.242651064,-0.001126646,-0.004188672,0.004600031,-0.634222208,0.773125789
1181,595755.357059000,496506.634456000,1791356083.607526064,0.024242,-0.032425233,-0.242626946,-0.001247892,-0.004217643,0.004587392,-0.632732314,0.774345521
1182,595755.373726000,496506.651123000,1791356083.624192953,0.028225,-0.032290501,-0.242012902,-0.001056805,-0.004338783,0.004647338,-0.631350679,0.775471403
1183,595755.390394000,496506.667790000,1791356083.640861034,0.027099,-0.032079496,-0.241976577,-0.001174801,-0.004387675,0.004638144,-0.629851293,0.776689504
1184,595755.407061000,496506.684458000,1791356083.657527924,0.025881,-0.031907776,-0.241956799,-0.001256051,-0.004378521,0.004595814,-0.628736619,0.777592420
1185,595755.423728000,496506.701125000,1791356083.674195051,0.024541,-0.031759578,-0.241980959,-0.001298863,-0.004357865,0.004549910,-0.628176673,0.778045227
1186,595755.440395000,496506.717792000,1791356083.690861940,0.028319,-0.031867085,-0.241633861,-0.001089047,-0.004452907,0.004538010,-0.628054320,0.778143528
1187,595755.457063000,496506.734459000,1791356083.707530022,0.027018,-0.031743735,-0.241654717,-0.001156541,-0.004409051,0.004519684,-0.627989252,0.778196396
1188,595755.473730000,496506.751126000,1791356083.724196911,0.025756,-0.031672759,-0.241645451,-0.001204013,-0.004414656,0.004492749,-0.627994671,0.778192148
1189,595755.490397000,496506.767794000,1791356083.740864038,0.029566,-0.031711075,-0.241656570,-0.001196987,-0.004431933,0.004472383,-0.628053977,0.778144304
1190,595755.507064000,496506.784461000,1791356083.757530928,0.023224,-0.031683293,-0.241661486,-0.001208648,-0.004474172,0.004429396,-0.628094331,0.778111736
1191,595755.523732000,496506.801128000,1791356083.774199009,0.027033,-0.031688349,-0.241654654,-0.001225634,-0.004537227,0.004374613,-0.628183931,0.778039347
1192,595755.540399000,496506.817795000,1791356083.790865898,0.026236,-0.031942313,-0.241323410,-0.001208659,-0.004880706,0.004262176,-0.628528944,0.777759204
1193,595755.557066000,496506.834463000,1791356083.807533026,0.025023,-0.031913856,-0.241318945,-0.001240348,-0.005599179,0.003899358,-0.629340068,0.777100073
1194,595755.573733000,496506.851130000,1791356083.824199915,0.028790,-0.031933393,-0.240880350,-0.001078526,-0.006112212,0.003364131,-0.630215779,0.776388688
1195,595755.590401000,496506.867797000,1791356083.840867996,0.027461,-0.031944208,-0.240786283,-0.000996876,-0.006299916,0.003569946,-0.631050422,0.775708020
1196,595755.607068000,496506.884464000,1791356083.857534885,0.026130,-0.032191092,-0.240543365,-0.000752347,-0.007202822,0.002568397,-0.631127701,0.775641249
1197,595755.623735000,496506.901132000,1791356083.874202013,0.024973,-0.032301481,-0.239904817,-0.000643060,-0.008102156,0.001091614,-0.630308827,0.776301453
1198,595755.640402000,496506.917799000,1791356083.890868902,0.028865,-0.032865380,-0.239699299,-0.000383561,-0.008155272,0.000409642,-0.627499245,0.778574352
1199,595755.657070000,496506.934466000,1791356083.907536030,0.027575,-0.033204383,-0.238573196,-0.000048026,-0.006976221,0.002201740,-0.623598670,0.781710422
1200,595755.673737000,496506.951133000,1791356083.924204111,0.031371,-0.033281543,-0.236986393,-0.000192282,-0.004807858,0.003880476,-0.619226133,0.785188400
1201,595755.690404000,496506.967801000,1791356083.940871000,0.025004,-0.032875396,-0.234105888,0.000051900,-0.004299096,0.003777483,-0.616429004,0.787389695
1202,595755.707071000,496506.984468000,1791356083.957537889,0.028791,-0.032608919,-0.231085722,-0.000127580,-0.004514339,0.003316122,-0.615123086,0.788411196
1203,595755.723739000,496507.001135000,1791356083.974205017,0.027555,-0.032536278,-0.227722209,0.000305315,-0.004994422,0.003501763,-0.614443031,0.788937612
1204,595755.740406000,496507.017802000,1791356083.990873098,0.026931,-0.032950090,-0.223899757,0.000508932,-0.004496734,0.003537773,-0.613740826,0.789486834
1205,595755.757073000,496507.034470000,1791356084.007539988,0.025604,-0.033326205,-0.219384362,0.000485261,-0.004729104,0.002980727,-0.613150536,0.789946309
1206,595755.773740000,496507.051137000,1791356084.024207115,0.029299,-0.034048975,-0.213874497,0.000688790,-0.004607991,0.002905498,-0.612582899,0.790387573
1207,595755.790407000,496507.067804000,1791356084.040874004,0.027972,-0.034678163,-0.210134920,0.000523951,-0.004698321,0.003827258,-0.611942647,0.790878925
1208,595755.807075000,496507.084471000,1791356084.057542086,0.026728,-0.035584661,-0.202596252,0.000864069,-0.004811446,0.003703162,-0.611753042,0.791025506
1209,595755.823742000,496507.101138000,1791356084.074208975,0.025460,-0.036356722,-0.194500677,0.000933144,-0.003647987,0.004598648,-0.612225818,0.790661174
1210,595755.840409000,496507.117806000,1791356084.090876102,0.024254,-0.036768702,-0.186205529,0.001500488,-0.003889253,0.004389244,-0.613708977,0.789510544
1211,595755.857076000,496507.134473000,1791356084.107542992,0.028079,-0.036587622,-0.177672153,0.001780283,-0.003486738,0.004621605,-0.616351223,0.787450095
1212,595755.873744000,496507.151140000,1791356084.124211073,0.032067,-0.036447897,-0.168617733,0.001981687,-0.004433331,0.004127265,-0.620103067,0.784496971
1213,595755.890411000,496507.167807000,1791356084.140877962,0.025956,-0.036340362,-0.160189533,0.001686519,-0.004151048,0.004216848,-0.624698483,0.780843641
1214,595755.907078000,496507.184475000,1791356084.157545090,0.035040,-0.034501585,-0.150496115,0.002073842,-0.004478943,0.004646467,-0.629855763,0.776685308
1215,595755.923745000,496507.201142000,1791356084.174211979,0.028703,-0.034748393,-0.143487854,0.001996545,-0.004722187,0.004058524,-0.634161623,0.773175443
1216,595755.940413000,496507.217809000,1791356084.190880060,0.033051,-0.035545034,-0.138252178,0.002853103,-0.004493754,0.004136576,-0.637524998,0.770405459
1217,595755.957080000,496507.234476000,1791356084.207546949,0.036954,-0.036738143,-0.135480578,0.003845895,-0.003500923,0.004601023,-0.639053099,0.769140892
1218,595755.973747000,496507.251144000,1791356084.224214077,0.035704,-0.037935286,-0.134411560,0.004530720,-0.003479505,0.004668671,-0.638523676,0.769580153
1219,595755.990414000,496507.267811000,1791356084.240880966,0.029320,-0.038590117,-0.132841426,0.004656133,-0.003193296,0.004768572,-0.636598641,0.771173932
1220,595756.007081000,496507.284478000,1791356084.257548094,0.033098,-0.038691803,-0.131855179,0.004253078,-0.003446960,0.004752937,-0.633758422,0.773508752
1221,595756.023749000,496507.301145000,1791356084.274215937,0.032364,-0.038366485,-0.130818732,0.003955429,-0.003410959,0.004934910,-0.630577748,0.776102903
1222,595756.040416000,496507.317813000,1791356084.290883064,0.036309,-0.037472112,-0.128753643,0.003273868,-0.003403634,0.005224802,-0.628710859,0.777614154
1223,595756.057083000,496507.334480000,1791356084.307549953,0.029994,-0.036492370,-0.127903338,0.002933998,-0.003195473,0.005396051,-0.628598553,0.777704655
1224,595756.073750000,496507.351147000,1791356084.324217081,0.033790,-0.035893553,-0.127018517,0.002364901,-0.002871654,0.005615211,-0.628602878,0.777700871
1225,595756.090418000,496507.367814000,1791356084.340884924,0.032500,-0.035626959,-0.126865291,0.002188395,-0.002894632,0.005617176,-0.628603059,0.777700626
1226,595756.107085000,496507.384482000,1791356084.357552052,0.031189,-0.035356014,-0.126613269,0.001980710,-0.002960977,0.005611031,-0.628696260,0.777625078
1227,595756.123752000,496507.401149000,1791356084.374218941,0.029951,-0.035113632,-0.126504806,0.001879274,-0.003013568,0.005590659,-0.628851165,0.777499759
1228,595756.140419000,496507.417816000,1791356084.390886068,0.029037,-0.034835086,-0.126395138,0.001780789,-0.003039855,0.005568080,-0.629069594,0.777323100
1229,595756.157087000,496507.434483000,1791356084.407552958,0.027674,-0.034639588,-0.126304187,0.001696418,-0.003052999,0.005525455,-0.629212747,0.777207480
1230,595756.173754000,496507.451151000,1791356084.424221039,0.036427,-0.035033673,-0.126553704,0.001721107,-0.003054263,0.005500638,-0.629144842,0.777262621
1231,595756.190421000,496507.467818000,1791356084.440887928,0.024933,-0.034684983,-0.126544084,0.001655500,-0.003103108,0.005584370,-0.629164637,0.777245807
1232,595756.207088000,496507.484485000,1791356084.457555056,0.028698,-0.034523068,-0.126585908,0.001610365,-0.003081334,0.005545150,-0.629184626,0.777229994
1233,595756.223756000,496507.501152000,1791356084.474221945,0.027422,-0.034716050,-0.126902260,0.001655465,-0.003053995,0.005518534,-0.629091934,0.777305318
1234,595756.240423000,496507.517819000,1791356084.490890026,0.026110,-0.034663403,-0.126853774,0.001587440,-0.003039351,0.005475342,-0.629115262,0.777286800
1235,595756.257090000,496507.534487000,1791356084.507556915,0.034906,-0.033886154,-0.125102984,0.002153235,-0.002891037,0.005379737,-0.629515447,0.776963964
1236,595756.273757000,496507.551154000,1791356084.524224043,0.028492,-0.033905292,-0.125081848,0.002132037,-0.002878326,0.005369797,-0.629524687,0.776956594
1237,595756.290425000,496507.567821000,1791356084.540890932,0.027113,-0.033951977,-0.125081753,0.002132747,-0.002864469,0.005358538,-0.629540880,0.776943602
1238,595756.307092000,496507.584488000,1791356084.557559013,0.030793,-0.033944254,-0.125156434,0.002159521,-0.002841435,0.005314468,-0.629708560,0.776808092
1239,595756.323759000,496507.601156000,1791356084.574225903,0.029465,-0.033957621,-0.125211407,0.002163779,-0.002845495,0.005311415,-0.629738630,0.776783721
1240,595756.340426000,496507.617823000,1791356084.590893030,0.028189,-0.033977632,-0.125251404,0.002152456,-0.002858516,0.005297860,-0.629752164,0.776772794
1241,595756.357093000,496507.634490000,1791356084.607559919,0.027334,-0.033957562,-0.125283837,0.002140889,-0.002877894,0.005290000,-0.629761892,0.776764889
1242,595756.373761000,496507.651157000,1791356084.624228001,0.026019,-0.033940631,-0.125311050,0.002119838,-0.002890288,0.005285422,-0.629765370,0.776762054
1243,595756.390428000,496507.667825000,1791356084.640894890,0.024695,-0.033926707,-0.125334614,0.002107098,-0.002910947,0.005292354,-0.629772330,0.776756287
1244,595756.407095000,496507.684492000,1791356084.657562017,0.028427,-0.033910570,-0.125359073,0.002104607,-0.002906574,0.005294934,-0.629776159,0.776753182
1245,595756.423762000,496507.701159000,1791356084.674228907,0.032267,-0.033542222,-0.125312714,0.002073982,-0.002886451,0.005305010,-0.629891930,0.776659309
1246,595756.440430000,496507.717826000,1791356084.690896988,0.031069,-0.033182866,-0.125329880,0.001834727,-0.002981882,0.005378007,-0.631273235,0.775536129
1247,595756.457097000,496507.734494000,1791356084.707564116,0.034884,-0.032671771,-0.125760876,0.001447621,-0.003180330,0.005469389,-0.635000184,0.772486076
1248,595756.473764000,496507.751161000,1791356084.724231005,0.033564,-0.032338328,-0.127338404,0.001055420,-0.003501443,0.005389154,-0.640698941,0.767765305
1249,595756.490431000,496507.767828000,1791356084.740897894,0.037309,-0.030698541,-0.129805266,0.001773529,-0.004390566,0.004882131,-0.647962001,0.761644362
1250,595756.507099000,496507.784495000,1791356084.757565975,0.036378,-0.031022216,-0.138183318,0.002510812,-0.003839396,0.004807419,-0.651776319,0.758386299
1251,595756.523766000,496507.801162000,1791356084.774233103,0.035167,-0.030280943,-0.146675989,0.002860346,-0.003429910,0.004788171,-0.651726268,0.758431395
1252,595756.540433000,496507.817830000,1791356084.790899992,0.028964,-0.028816439,-0.153873017,0.002869941,-0.002924420,0.005335784,-0.643935095,0.765055927
1253,595756.557100000,496507.834497000,1791356084.807566881,0.028261,-0.026749863,-0.163312720,0.003242530,-0.002573299,0.005254181,-0.632089096,0.774873633
1254,595756.573768000,496507.851164000,1791356084.824234962,0.027070,-0.024183282,-0.172815971,0.003231445,-0.002995410,0.005148029,-0.616384347,0.787422925
1255,595756.590435000,496507.867831000,1791356084.840902090,0.025782,-0.021148488,-0.182417705,0.002454070,-0.003309418,0.004693062,-0.599154265,0.800613008
1256,595756.607102000,496507.884499000,1791356084.857568979,0.039664,-0.016416664,-0.198938295,0.001965349,-0.003092091,0.004618159,-0.583336587,0.812211511
1257,595756.623769000,496507.901166000,1791356084.874236107,0.033294,-0.012614173,-0.205338797,0.001766186,-0.003023896,0.005241166,-0.568153833,0.822900121
1258,595756.640437000,496507.917833000,1791356084.890902996,0.032023,-0.008945372,-0.210422368,0.001259038,-0.003072657,0.005242774,-0.555016977,0.831816824
1259,595756.657104000,496507.934500000,1791356084.907571077,0.035808,-0.004725773,-0.214298550,-0.000201391,-0.003892010,0.005320241,-0.546764807,0.837260290
1260,595756.673771000,496507.951168000,1791356084.924237967,0.034549,-0.000989443,-0.216596846,-0.001042919,-0.004301516,0.005404466,-0.542629022,0.839944066
1261,595756.690438000,496507.967835000,1791356084.940905094,0.033517,0.001817030,-0.217512290,-0.001437935,-0.004514482,0.005377243,-0.544068852,0.839011197
1262,595756.707105000,496507.984502000,1791356084.957571983,0.032380,0.003294326,-0.218342949,-0.001659724,-0.004661506,0.005270182,-0.548888983,0.835865647
1263,595756.723773000,496508.001169000,1791356084.974240065,0.031098,0.003667193,-0.218616535,-0.000932687,-0.004370567,0.005456821,-0.555420860,0.831540011
1264,595756.740440000,496508.017837000,1791356084.990906954,0.029751,0.002731905,-0.219407724,-0.000311322,-0.004060064,0.005403625,-0.560784847,0.827933978
1265,595756.757107000,496508.034504000,1791356085.007574081,0.033877,0.001985971,-0.220274475,0.000070425,-0.003861093,0.005303765,-0.564725334,0.825252846
1266,595756.773774000,496508.051171000,1791356085.024240971,0.032624,0.000322988,-0.221449007,0.000922353,-0.003260190,0.005297617,-0.566043530,0.824351884
1267,595756.790442000,496508.067838000,1791356085.040909052,0.031412,-0.000233641,-0.221848449,0.001127546,-0.003157565,0.005272129,-0.567582860,0.823293345
1268,595756.807109000,496508.084505000,1791356085.057575941,0.030223,-0.000783715,-0.222226276,0.001274176,-0.003206314,0.005228860,-0.568349332,0.822764495
1269,595756.823776000,496508.101173000,1791356085.074243069,0.034021,-0.001526393,-0.222736562,0.001545869,-0.003414781,0.005177572,-0.568591892,0.822596373
1270,595756.840443000,496508.117840000,1791356085.090909958,0.032720,-0.001119740,-0.223477563,0.001585951,-0.003601145,0.005101422,-0.568818591,0.822439310
1271,595756.857111000,496508.134507000,1791356085.107577085,0.031499,-0.001381983,-0.223644711,0.001627340,-0.003708542,0.005048545,-0.568814282,0.822442138
1272,595756.873778000,496508.151174000,1791356085.124244928,0.030297,-0.001298319,-0.223608920,0.001577185,-0.003739497,0.005023890,-0.568887217,0.822391702
1273,595756.890445000,496508.167842000,1791356085.140912056,0.034109,-0.002723561,-0.216860410,0.001996460,-0.003283999,0.005255654,-0.568505893,0.822655847
1274,595756.907112000,496508.184509000,1791356085.157578945,0.027752,-0.002927232,-0.216938864,0.002014974,-0.003206660,0.005307549,-0.568456642,0.822689852
1275,595756.923780000,496508.201176000,1791356085.174247026,0.026439,-0.002916316,-0.216976401,0.001992815,-0.003167549,0.005358059,-0.568424656,0.822711777
1276,595756.940447000,496508.217844000,1791356085.190913916,0.030196,-0.002466004,-0.216880304,0.001798410,-0.003122502,0.005368132,-0.568591619,0.822596501
1277,595756.957114000,496508.234511000,1791356085.207581043,0.029238,-0.002474072,-0.216954063,0.001796029,-0.003055487,0.005400978,-0.568696876,0.822523772
1278,595756.973781000,496508.251178000,1791356085.224247932,0.027882,-0.002456492,-0.217011848,0.001782535,-0.003012995,0.005407017,-0.568801609,0.822451467
1279,595756.990449000,496508.267845000,1791356085.240915060,0.026620,-0.002418859,-0.217058099,0.001759491,-0.003024330,0.005404775,-0.568887506,0.822392028
1280,595757.007116000,496508.284512000,1791356085.257582903,0.035538,-0.002030535,-0.214059769,0.001296700,-0.003100552,0.005149454,-0.568907114,0.822379818
1281,595757.023783000,496508.301180000,1791356085.274250031,0.029145,-0.002048195,-0.214073488,0.001295134,-0.003069258,0.005171912,-0.568930981,0.822363284
1282,595757.040450000,496508.317847000,1791356085.290916920,0.027823,-0.002028344,-0.214124011,0.001309405,-0.003009574,0.005208772,-0.568966945,0.822338389
1283,595757.057117000,496508.334514000,1791356085.307584047,0.026517,-0.001989379,-0.214196942,0.001322467,-0.002963487,0.005233584,-0.569025980,0.822297551
1284,595757.073785000,496508.351181000,1791356085.324251890,0.030261,-0.001587859,-0.214333976,0.001587680,-0.002836625,0.005373171,-0.569338430,0.822080796
1285,595757.090452000,496508.367849000,1791356085.340919018,0.029047,-0.001535297,-0.214426679,0.001583416,-0.002738801,0.005401498,-0.569590616,0.821906231
1286,595757.107119000,496508.384516000,1791356085.357585907,0.027836,-0.001503627,-0.214525612,0.001578469,-0.002650858,0.005419777,-0.569764579,0.821785814
1287,595757.123786000,496508.401183000,1791356085.374253035,0.031687,-0.002020042,-0.213274275,0.001430352,-0.002638943,0.005325917,-0.569796138,0.821764584
1288,595757.140454000,496508.417850000,1791356085.390919924,0.025366,-0.002048278,-0.213315145,0.001413269,-0.002638812,0.005322738,-0.569850674,0.821726788
1289,595757.157121000,496508.434517000,1791356085.407588005,0.029266,-0.002079609,-0.213358585,0.001402276,-0.002640191,0.005304475,-0.569891062,0.821698892
1290,595757.173788000,496508.451185000,1791356085.424254894,0.028609,-0.002105564,-0.213406077,0.001379318,-0.002713741,0.005266265,-0.569897933,0.821694133
1291,595757.190455000,496508.467852000,1791356085.440922022,0.032458,-0.001741096,-0.214242419,0.001345043,-0.002922404,0.005187593,-0.569957776,0.821652410
1292,595757.207123000,496508.484519000,1791356085.457588911,0.026115,-0.001740360,-0.214307300,0.001299624,-0.003151869,0.005085171,-0.569958111,0.821651969
1293,595757.223790000,496508.501186000,1791356085.474256992,0.024847,-0.001788647,-0.214361828,0.001247381,-0.003454289,0.004945395,-0.569817903,0.821748847
1294,595757.240457000,496508.517854000,1791356085.490923882,0.028592,-0.002191831,-0.214427520,0.001285563,-0.003653648,0.004782842,-0.568550616,0.822626265
1295,595757.257124000,496508.534521000,1791356085.507591009,0.032344,-0.002961250,-0.214627060,0.001612001,-0.003635243,0.004766597,-0.565797424,0.824522492
1296,595757.273792000,496508.551188000,1791356085.524257898,0.031049,-0.003342404,-0.214304922,0.001625869,-0.003751204,0.004688585,-0.562486579,0.826784612
1297,595757.290459000,496508.567855000,1791356085.540925980,0.029769,-0.003602194,-0.213498668,0.001521619,-0.004306669,0.004418882,-0.558851953,0.829244488
1298,595757.307126000,496508.584523000,1791356085.557593107,0.034108,-0.003563652,-0.212239380,0.002121722,-0.004322724,0.004566323,-0.555164650,0.831716703
1299,595757.323793000,496508.601190000,1791356085.574259996,0.032967,-0.003563718,-0.209685674,0.001972933,-0.003895551,0.004754508,-0.551704309,0.834017131
1300,595757.340461000,496508.617857000,1791356085.590928078,0.031682,-0.003611539,-0.206057432,0.001753479,-0.003900605,0.004618800,-0.549459683,0.835498360
1301,595757.357128000,496508.634524000,1791356085.607594967,0.030374,-0.004003459,-0.201538654,0.001578362,-0.003734055,0.004955896,-0.549057885,0.835761291
1302,595757.373795000,496508.651192000,1791356085.624262094,0.029472,-0.004527382,-0.196278300,0.002078984,-0.003697802,0.005294905,-0.550864533,0.834569684
1303,595757.390462000,496508.667859000,1791356085.640928984,0.033185,-0.005458083,-0.190553313,0.002119285,-0.003484697,0.005222367,-0.554176227,0.832375692
1304,595757.407129000,496508.684526000,1791356085.657596111,0.031868,-0.006530153,-0.184269811,0.002422057,-0.004478988,0.003010969,-0.559510631,0.828805602
1305,595757.423797000,496508.701193000,1791356085.674263954,0.035684,-0.007649466,-0.177710046,0.002676048,-0.003572512,0.005108405,-0.565367614,0.824815496
1306,595757.440464000,496508.717861000,1791356085.690931082,0.034403,-0.009040102,-0.171065536,0.002393268,-0.004238512,0.004354362,-0.571633994,0.820486229
1307,595757.457131000,496508.734528000,1791356085.707597971,0.038176,-0.010468131,-0.164489097,0.002287704,-0.004395652,0.004453187,-0.578029782,0.815991678
1308,595757.473798000,496508.751195000,1791356085.724265099,0.031801,-0.012026233,-0.155825265,0.002345150,-0.004266606,0.004821630,-0.584327608,0.811492325
1309,595757.490466000,496508.767862000,1791356085.740932941,0.025404,-0.013186943,-0.149214301,0.002421857,-0.004094636,0.004630911,-0.590370419,0.807108764
1310,595757.507133000,496508.784530000,1791356085.757600069,0.029142,-0.014586621,-0.142998158,0.002710594,-0.003617533,0.004922811,-0.596171867,0.802833597
1311,595757.523800000,496508.801197000,1791356085.774266958,0.027817,-0.015681829,-0.137890373,0.003002198,-0.004118823,0.004461914,-0.601788432,0.798632462
1312,595757.540467000,496508.817864000,1791356085.790934086,0.036635,-0.017092801,-0.136294437,0.003936148,-0.003608211,0.004743345,-0.606562516,0.795013457
1313,595757.557135000,496508.834531000,1791356085.807600975,0.030248,-0.017995768,-0.133209529,0.004225337,-0.003515770,0.004852954,-0.610096073,0.792304784
1314,595757.573802000,496508.851198000,1791356085.824269056,0.028994,-0.018735956,-0.130920053,0.004609981,-0.003640959,0.004282699,-0.612938709,0.790110461
1315,595757.590469000,496508.867866000,1791356085.840935946,0.038255,-0.019617310,-0.127930376,0.005060206,-0.003615073,0.004869876,-0.614464199,0.788921393
1316,595757.607136000,496508.884533000,1791356085.857603073,0.026836,-0.020191729,-0.127266233,0.005508324,-0.003384863,0.004887685,-0.614912865,0.788572648
1317,595757.623804000,496508.901200000,1791356085.874269962,0.035650,-0.020516613,-0.126728691,0.005412428,-0.003011598,0.005460490,-0.614088634,0.789212432
1318,595757.640471000,496508.917867000,1791356085.890938044,0.034321,-0.020771229,-0.126809926,0.005264713,-0.002280815,0.005812541,-0.611971071,0.790855499
1319,595757.657138000,496508.934535000,1791356085.907604933,0.032993,-0.019762428,-0.125990072,0.003799211,-0.001944903,0.005612487,-0.610662958,0.791868341
1320,595757.673805000,496508.951202000,1791356085.924272060,0.036748,-0.019415973,-0.125754711,0.003500006,-0.001959666,0.005683269,-0.610602375,0.791914515
1321,595757.690473000,496508.967869000,1791356085.940938950,0.035655,-0.019179037,-0.125544413,0.003331545,-0.001912856,0.005612367,-0.610579970,0.791932410
1322,595757.707140000,496508.984536000,1791356085.957606077,0.034727,-0.019572938,-0.124362097,0.003176285,-0.001999515,0.005727919,-0.610402965,0.792067809
1323,595757.723807000,496509.001204000,1791356085.974273920,0.028485,-0.019522831,-0.124347583,0.003104255,-0.002045974,0.005712504,-0.610398978,0.792070874
1324,595757.740474000,496509.017871000,1791356085.990941048,0.027179,-0.019453870,-0.124340969,0.003056247,-0.002087201,0.005697988,-0.610401000,0.792069312
1325,595757.757141000,496509.034538000,1791356086.007607937,0.030872,-0.019371336,-0.124312854,0.002977721,-0.002123068,0.005672235,-0.610420719,0.792054205
1326,595757.773809000,496509.051205000,1791356086.024275064,0.029527,-0.019303983,-0.124278774,0.002936440,-0.002142069,0.005691460,-0.610431664,0.792045581
1327,595757.790476000,496509.067873000,1791356086.040942907,0.028736,-0.019256062,-0.124230707,0.002902822,-0.002157011,0.005681127,-0.610456382,0.792026564
1328,595757.807143000,496509.084540000,1791356086.057610035,0.032581,-0.019222513,-0.124171019,0.002868970,-0.002162698,0.005655503,-0.610485626,0.792004191
1329,595757.823811000,496509.101207000,1791356086.074276924,0.026236,-0.019192885,-0.124105052,0.002837775,-0.002165549,0.005633005,-0.610508161,0.791986973
1330,595757.840478000,496509.117874000,1791356086.090944052,0.029988,-0.019159679,-0.124042463,0.002800734,-0.002176689,0.005615681,-0.610534564,0.791966712
1331,595757.857145000,496509.134542000,1791356086.107611895,0.028713,-0.019124333,-0.123977025,0.002773281,-0.002193963,0.005599730,-0.610561893,0.791945708
1332,595757.873812000,496509.151209000,1791356086.124279022,0.032597,-0.019090364,-0.123919834,0.002738254,-0.002208585,0.005583685,-0.610589014,0.791924871
1333,595757.890479000,496509.167876000,1791356086.140945911,0.031354,-0.019045703,-0.123876899,0.002726134,-0.002209833,0.005582055,-0.610602960,0.791914125
1334,595757.907147000,496509.184543000,1791356086.157613039,0.029973,-0.019012504,-0.123834477,0.002721284,-0.002215268,0.005558830,-0.610629373,0.791893907
1335,595757.923814000,496509.201211000,1791356086.174279928,0.028665,-0.018997018,-0.123789730,0.002697602,-0.002228627,0.005544108,-0.610660509,0.791869963
1336,595757.940481000,496509.217878000,1791356086.190948009,0.027392,-0.018972906,-0.123742614,0.002670475,-0.002245086,0.005528570,-0.610683071,0.791852626
1337,595757.957148000,496509.234545000,1791356086.207614899,0.031152,-0.018957908,-0.123702550,0.002631432,-0.002252766,0.005514153,-0.610696557,0.791842304
1338,595757.973816000,496509.251212000,1791356086.224282026,0.029822,-0.018945556,-0.123667353,0.002602077,-0.002265189,0.005506458,-0.610705955,0.791835074
1339,595757.990483000,496509.267880000,1791356086.240948915,0.028974,-0.018934670,-0.123629458,0.002578088,-0.002275843,0.005495094,-0.610722932,0.791822029
1340,595758.007150000,496509.284547000,1791356086.257616997,0.027722,-0.018927288,-0.123603442,0.002557815,-0.002276606,0.005487851,-0.610738273,0.791810244
1341,595758.023817000,496509.301214000,1791356086.274283886,0.031514,-0.018907647,-0.123585646,0.002549001,-0.002268485,0.005486615,-0.610754235,0.791797964
1342,595758.040485000,496509.317881000,1791356086.290951014,0.030243,-0.018883185,-0.123572179,0.002532060,-0.002271265,0.005481305,-0.610774046,0.791782711
1343,595758.057152000,496509.334549000,1791356086.307617903,0.028927,-0.018871755,-0.123555570,0.002516214,-0.002278297,0.005476120,-0.610795129,0.791766463
1344,595758.073819000,496509.351216000,1791356086.324285984,0.027623,-0.018854440,-0.123537110,0.002498159,-0.002292220,0.005478787,-0.610821896,0.791745755
1345,595758.090486000,496509.367883000,1791356086.340953112,0.031624,-0.018830668,-0.123517947,0.002473072,-0.002306464,0.005483882,-0.610861229,0.791715331
1346,595758.107154000,496509.384550000,1791356086.357620001,0.030423,-0.018799863,-0.123522255,0.002452879,-0.002313018,0.005486731,-0.610914948,0.791673842
1347,595758.123821000,496509.401217000,1791356086.374286890,0.034154,-0.018659299,-0.123881092,0.002214791,-0.002411837,0.005467393,-0.611423157,0.791281248
1348,595758.140488000,496509.417885000,1791356086.390954971,0.027784,-0.018579187,-0.124331964,0.002119057,-0.002481423,0.005483862,-0.612933730,0.790111392
1349,595758.157155000,496509.434552000,1791356086.407622099,0.026426,-0.018653973,-0.125367223,0.002060271,-0.002479795,0.005475509,-0.615307158,0.788264531
1350,595758.173822000,496509.451219000,1791356086.424288988,0.035141,-0.019348123,-0.127044708,0.001918418,-0.002479924,0.005370824,-0.617822304,0.786295495
1351,595758.190490000,496509.467886000,1791356086.440956116,0.034252,-0.020042584,-0.129628143,0.002158114,-0.002319445,0.005447820,-0.620164941,0.784449098
1352,595758.207157000,496509.484554000,1791356086.457623959,0.038112,-0.020579951,-0.133116246,0.002154829,-0.002362712,0.005440648,-0.621258280,0.783583414
1353,595758.223824000,496509.501221000,1791356086.474291086,0.026711,-0.021162270,-0.137032893,0.002261563,-0.002555425,0.005338939,-0.619226383,0.785190201
1354,595758.240491000,496509.517888000,1791356086.490957975,0.030468,-0.021874844,-0.141329639,0.002417136,-0.002748500,0.005281963,-0.614804231,0.788657279
1355,595758.257159000,496509.534555000,1791356086.507625103,0.029153,-0.022197746,-0.146384574,0.002460608,-0.002226014,0.005407886,-0.607973984,0.793935409
1356,595758.273826000,496509.551222000,1791356086.524291992,0.028764,-0.022016106,-0.151628710,0.002500266,-0.001994371,0.005535461,-0.599227225,0.800557377
1357,595758.290493000,496509.567890000,1791356086.540960073,0.037939,-0.019671883,-0.156686354,0.002450597,-0.002703700,0.005403450,-0.590412240,0.807079228
1358,595758.307160000,496509.584557000,1791356086.557626963,0.036743,-0.018496964,-0.161637380,0.002044072,-0.002685949,0.005593013,-0.580381375,0.814321167
1359,595758.323828000,496509.601224000,1791356086.574294090,0.035427,-0.017248891,-0.166496349,0.001825563,-0.002948912,0.005792447,-0.570949706,0.820959308
1360,595758.340495000,496509.617891000,1791356086.590961933,0.034119,-0.016212798,-0.170939965,0.001312850,-0.003257437,0.005820112,-0.562101324,0.827041485
1361,595758.357162000,496509.634559000,1791356086.607629061,0.032803,-0.015163891,-0.175927573,0.001078323,-0.003328780,0.005569036,-0.553662876,0.832715633
1362,595758.373829000,496509.651226000,1791356086.624295950,0.031455,-0.014200978,-0.180783033,0.000725771,-0.003605370,0.005367357,-0.545540201,0.838059713
1363,595758.390496000,496509.667893000,1791356086.640963078,0.030211,-0.013247730,-0.185196843,0.000807328,-0.003285064,0.005717971,-0.537520087,0.843225159
1364,595758.407164000,496509.684560000,1791356086.657630920,0.029568,-0.012169136,-0.189157790,0.000433884,-0.003236116,0.005687785,-0.529752419,0.848127084
1365,595758.423831000,496509.701228000,1791356086.674298048,0.033357,-0.011130781,-0.192800346,0.000009798,-0.003289571,0.005828747,-0.522251146,0.852765469
1366,595758.440498000,496509.717895000,1791356086.690964937,0.032048,-0.010170320,-0.196087434,-0.000178025,-0.003193816,0.005906021,-0.515100894,0.857103253
1367,595758.457165000,496509.734562000,1791356086.707632065,0.030829,-0.009560633,-0.199059272,-0.000283563,-0.003178501,0.005864476,-0.508016317,0.861321616
1368,595758.473833000,496509.751229000,1791356086.724299908,0.029583,-0.008888387,-0.201340043,-0.000369154,-0.003240663,0.005856349,-0.501540029,0.865108548
1369,595758.490500000,496509.767896000,1791356086.740967035,0.038400,-0.008576078,-0.203585615,0.000029426,-0.002956819,0.006335807,-0.495586319,0.868530549
1370,595758.507167000,496509.784564000,1791356086.757633924,0.032612,-0.008385886,-0.205412418,0.000230877,-0.002841900,0.006339520,-0.489689652,0.871869130
1371,595758.523834000,496509.801231000,1791356086.774301052,0.031694,-0.008296476,-0.206842087,0.000354360,-0.002781682,0.006334332,-0.483533092,0.875298742
1372,595758.540502000,496509.817898000,1791356086.790967941,0.030514,-0.008323458,-0.207719381,0.000416950,-0.002694608,0.006289157,-0.477035084,0.878857619
1373,595758.557169000,496509.834565000,1791356086.807636023,0.034330,-0.008418255,-0.208297653,0.000394208,-0.002654523,0.006242100,-0.470255789,0.882504098
1374,595758.573836000,496509.851233000,1791356086.824302912,0.038226,-0.010025481,-0.210456028,0.000309804,-0.002819485,0.006410888,-0.461920808,0.886893521
1375,595758.590503000,496509.867900000,1791356086.840970039,0.031948,-0.009937179,-0.210417714,0.000162826,-0.002897540,0.006458122,-0.455155582,0.890383790
1376,595758.607171000,496509.884567000,1791356086.857636929,0.031204,-0.009372809,-0.210268751,-0.000247097,-0.003074990,0.006391266,-0.449532249,0.893235945
1377,595758.623838000,496509.901234000,1791356086.874305010,0.035016,-0.009413230,-0.210167449,-0.000226547,-0.002884914,0.006440659,-0.443265287,0.896362695
1378,595758.640505000,496509.917902000,1791356086.890971899,0.033708,-0.010413329,-0.210569570,0.000554098,-0.002603726,0.006643441,-0.434546082,0.900621334
1379,595758.657172000,496509.934569000,1791356086.907639027,0.032420,-0.011432005,-0.211010331,0.000821047,-0.002282153,0.006706573,-0.422658842,0.906261175
1380,595758.673839000,496509.951236000,1791356086.924305916,0.036273,-0.012171143,-0.211181868,0.000706222,-0.002318568,0.006704960,-0.408535392,0.912714907
1381,595758.690507000,496509.967903000,1791356086.940973043,0.035020,-0.013742194,-0.211652587,0.001042812,-0.001867083,0.006786299,-0.390171053,0.920715488
1382,595758.707174000,496509.984571000,1791356086.957640886,0.034230,-0.014990491,-0.211624496,0.000714605,-0.001802351,0.006694355,-0.368519621,0.929594119
1383,595758.723841000,496510.001238000,1791356086.974308014,0.033027,-0.016389099,-0.211566515,0.000430872,-0.001725685,0.006693178,-0.342347572,0.939547957
1384,595758.740509000,496510.017905000,1791356086.990974903,0.031724,-0.017772743,-0.210568314,-0.000357872,-0.001967337,0.006344578,-0.312172742,0.950002134
1385,595758.757176000,496510.034572000,1791356087.007642031,0.035494,-0.019015617,-0.208883009,-0.001682195,-0.003370416,0.005053086,-0.277935486,0.960580539
1386,595758.773843000,496510.051240000,1791356087.024310112,0.034165,-0.020390427,-0.206396160,-0.002772109,-0.003104008,0.005017621,-0.239193222,0.970954062
1387,595758.790510000,496510.067907000,1791356087.040977001,0.037918,-0.021264265,-0.202726061,-0.004393859,-0.003231369,0.004922186,-0.197976598,0.980189062
1388,595758.807178000,496510.084574000,1791356087.057643890,0.037420,-0.021507388,-0.196941201,-0.006604201,-0.004439275,0.004042301,-0.158409779,0.987355202
1389,595758.823845000,496510.101241000,1791356087.074311018,0.036309,-0.021671648,-0.189661494,-0.008779964,-0.004346845,0.004802698,-0.121099731,0.992619209
1390,595758.840512000,496510.117909000,1791356087.090977907,0.035045,-0.022876056,-0.182257478,-0.010345557,-0.004702522,0.004608687,-0.087124008,0.996175714
1391,595758.857179000,496510.134576000,1791356087.107645988,0.028664,-0.024373322,-0.175117540,-0.011946890,-0.005301614,0.003893374,-0.056648143,0.998372537
1392,595758.873846000,496510.151243000,1791356087.124313116,0.032435,-0.026495295,-0.167403958,-0.014289582,-0.005872594,0.003494279,-0.030635369,0.999507267
1393,595758.890514000,496510.167910000,1791356087.140980005,0.031723,-0.027812227,-0.160441863,-0.016149185,-0.006162493,0.003240909,-0.009334175,0.999932194
1394,595758.907181000,496510.184578000,1791356087.157646894,0.025528,-0.029145385,-0.154338193,-0.017977742,-0.006712299,0.002372338,0.007196492,0.999948762
1395,595758.923848000,496510.201245000,1791356087.174314976,0.029273,-0.031893357,-0.145910620,-0.020855616,-0.007113049,0.001972758,0.018598381,0.999799786
1396,595758.940515000,496510.217912000,1791356087.190982103,0.027976,-0.034342950,-0.137695833,-0.023315758,-0.007696253,0.001053752,0.026084574,0.999629558
1397,595758.957183000,496510.234579000,1791356087.207648993,0.031776,-0.035976264,-0.130147548,-0.024984334,-0.007750166,0.000835375,0.029360421,0.999538495
1398,595758.973850000,496510.251246000,1791356087.224315882,0.030489,-0.037934328,-0.121891262,-0.027246709,-0.008123488,-0.000181264,0.029848791,0.999521398
1399,595758.990517000,496510.267914000,1791356087.240983963,0.029138,-0.036640105,-0.114371445,-0.028737841,-0.008466019,-0.000302338,0.027557347,0.999584327
1400,595759.007184000,496510.284581000,1791356087.257651091,0.027809,-0.036208640,-0.108765088,-0.027561148,-0.007992702,0.000697867,0.024354818,0.999671182
1401,595759.023851000,496510.301248000,1791356087.274317980,0.032113,-0.035262191,-0.104375415,-0.026999902,-0.007604623,0.001085165,0.021115005,0.999747542
1402,595759.040519000,496510.317915000,1791356087.290986061,0.030844,-0.033515700,-0.103290036,-0.025377195,-0.006925225,0.001738001,0.018095015,0.999810778
1403,595759.057186000,496510.334583000,1791356087.307652950,0.034601,-0.033034677,-0.100119008,-0.024444128,-0.006687439,0.001990978,0.014303774,0.999873350
1404,595759.073853000,496510.351250000,1791356087.324320078,0.033199,-0.033075798,-0.096514312,-0.023761222,-0.006731571,0.002076899,0.009300014,0.999931939
1405,595759.090520000,496510.367917000,1791356087.340986967,0.032013,-0.032637430,-0.094290533,-0.022792721,-0.006647355,0.001962955,0.003562790,0.999969633
1406,595759.107188000,496510.384584000,1791356087.357654095,0.035881,-0.037172109,-0.096065958,-0.017799313,-0.005464340,0.001894532,-0.001603079,0.999981991
1407,595759.123855000,496510.401252000,1791356087.374321938,0.034531,-0.037192514,-0.096918637,-0.015344403,-0.004943733,0.002182116,-0.006721293,0.999962810
1408,595759.140522000,496510.417919000,1791356087.390989065,0.033154,-0.037109898,-0.098224527,-0.013718236,-0.004161266,0.003081652,-0.010835094,0.999927891
1409,595759.157189000,496510.434586000,1791356087.407655954,0.031888,-0.037177016,-0.099723809,-0.011982039,-0.003732925,0.002944298,-0.013672596,0.999895223
1410,595759.173857000,496510.451253000,1791356087.424323082,0.030757,-0.037380568,-0.100928979,-0.010736920,-0.003064656,0.003502350,-0.015481714,0.999869320
1411,595759.190524000,496510.467920000,1791356087.440990925,0.034593,-0.037583871,-0.101911867,-0.009339430,-0.002628176,0.003666441,-0.016132779,0.999859682
1412,595759.207191000,496510.484588000,1791356087.457658052,0.033389,-0.037672381,-0.102727846,-0.008052322,-0.002080813,0.004083018,-0.015196289,0.999874028
1413,595759.223858000,496510.501255000,1791356087.474324942,0.032687,-0.037643755,-0.102251282,-0.007685332,-0.001840505,0.004152718,-0.013568524,0.999897626
1414,595759.240526000,496510.517922000,1791356087.490992069,0.031551,-0.037733978,-0.100645520,-0.007150314,-0.001357592,0.005093681,-0.011607283,0.999918738
1415,595759.257193000,496510.534589000,1791356087.507659912,0.035271,-0.038058774,-0.097458111,-0.007741784,-0.001489423,0.004538458,-0.009760687,0.999940955
1416,595759.273860000,496510.551257000,1791356087.524327040,0.033913,-0.038211381,-0.093019565,-0.007252545,-0.001174664,0.005939925,-0.008377949,0.999946572
1417,595759.290527000,496510.567924000,1791356087.540993929,0.032537,-0.038759678,-0.087975165,-0.007595704,-0.001405928,0.005754432,-0.008043241,0.999950107
1418,595759.307194000,496510.584591000,1791356087.557661057,0.036269,-0.039025364,-0.084073752,-0.008464089,-0.001694258,0.005534662,-0.007606191,0.999954320
1419,595759.323862000,496510.601258000,1791356087.574328899,0.034943,-0.039579194,-0.079827810,-0.008708323,-0.001557952,0.005709344,-0.006054180,0.999964161
1420,595759.340529000,496510.617926000,1791356087.590996027,0.028548,-0.040415005,-0.076762208,-0.008985378,-0.001317486,0.005622420,-0.003021325,0.999978762
1421,595759.357196000,496510.634593000,1791356087.607662916,0.032298,-0.041208137,-0.073061965,-0.009400764,-0.001450490,0.005758585,0.000672223,0.999982141
1422,595759.373864000,496510.651260000,1791356087.624330044,0.036058,-0.041676892,-0.068566302,-0.009852911,-0.001472130,0.005784144,0.005033785,0.999969518
1423,595759.390531000,496510.667927000,1791356087.640996933,0.034801,-0.042284697,-0.063590489,-0.010075627,-0.001338374,0.005677033,0.010141910,0.999931559
1424,595759.407198000,496510.684595000,1791356087.657665014,0.033475,-0.043169169,-0.058749261,-0.010196993,-0.001271468,0.005639845,0.016615393,0.999845240
1425,595759.423865000,496510.701262000,1791356087.674331903,0.037623,-0.044102213,-0.052949138,-0.010174276,-0.001152503,0.005622846,0.024539809,0.999682376
1426,595759.440532000,496510.717929000,1791356087.690999031,0.031312,-0.045259704,-0.047956635,-0.010397318,-0.001006218,0.005612388,0.033848248,0.999410719
1427,595759.457200000,496510.734596000,1791356087.707665920,0.035187,-0.046510822,-0.042413293,-0.010894741,-0.001053511,0.005543737,0.043385058,0.999042488
1428,595759.473867000,496510.751264000,1791356087.724334002,0.033996,-0.047779203,-0.036396096,-0.011654696,-0.001345685,0.005383613,0.051992891,0.998632037
1429,595759.490534000,496510.767931000,1791356087.741000891,0.032804,-0.049100760,-0.030159928,-0.012357185,-0.001545362,0.005283325,0.059499701,0.998213146
1430,595759.507201000,496510.784598000,1791356087.757668018,0.036588,-0.050669207,-0.024943779,-0.012259348,-0.001525978,0.005332468,0.066974919,0.997739243
1431,595759.523869000,496510.801265000,1791356087.774334908,0.030172,-0.052620801,-0.020937643,-0.011981610,-0.001187534,0.005650494,0.076088674,0.997084337
1432,595759.540536000,496510.817932000,1791356087.791002989,0.033880,-0.054429808,-0.016468502,-0.011564364,-0.000956706,0.005750797,0.086781803,0.996210285
1433,595759.557203000,496510.834600000,1791356087.807670116,0.032547,-0.056317682,-0.012880321,-0.011713446,-0.000895760,0.005849427,0.097997946,0.995169023
1434,595759.573870000,496510.851267000,1791356087.824337006,0.031229,-0.058113492,-0.009097701,-0.012009387,-0.001095920,0.005653924,0.109060745,0.994018403
1435,595759.590538000,496510.867934000,1791356087.841003895,0.035033,-0.059753847,-0.004968432,-0.012708980,-0.001114170,0.005654355,0.119452786,0.992823156
1436,595759.607205000,496510.884601000,1791356087.857671976,0.033791,-0.060931551,-0.000399841,-0.013544142,-0.001299090,0.005457100,0.128426407,0.991703177
1437,595759.623872000,496510.901269000,1791356087.874339104,0.038384,-0.061883168,0.004120083,-0.014234627,-0.001515615,0.005221944,0.135953718,0.990700268
1438,595759.640539000,496510.917936000,1791356087.891005993,0.037082,-0.062344332,0.008956217,-0.014662743,-0.001563015,0.005274148,0.142586693,0.989767031
1439,595759.657206000,496510.934603000,1791356087.907672882,0.035709,-0.063171497,0.012850861,-0.015251499,-0.001592246,0.005021169,0.148551575,0.988890632
1440,595759.673874000,496510.951270000,1791356087.924340963,0.034301,-0.063573037,0.017009772,-0.015759353,-0.001747041,0.004760385,0.153324964,0.988162812
1441,595759.690541000,496510.967938000,1791356087.941008091,0.033017,-0.064320087,0.020199045,-0.016060541,-0.001951649,0.004610384,0.156757078,0.987624500
1442,595759.707208000,496510.984605000,1791356087.957674980,0.031740,-0.064894173,0.023607330,-0.016625969,-0.002260222,0.004454146,0.158539736,0.987339964
1443,595759.723876000,496511.001272000,1791356087.974342108,0.030428,-0.065382600,0.027150161,-0.017087188,-0.002433853,0.004354912,0.159111454,0.987248022
1444,595759.740543000,496511.017939000,1791356087.991008997,0.029106,-0.065721151,0.030380516,-0.017224665,-0.002492648,0.004386429,0.158874968,0.987285820
1445,595759.757210000,496511.034607000,1791356088.007677078,0.037975,-0.065741841,0.033086704,-0.016859972,-0.002432509,0.004463444,0.158403152,0.987361434
1446,595759.773877000,496511.051274000,1791356088.024343967,0.031658,-0.065883215,0.034653303,-0.016344853,-0.002203730,0.004600219,0.158439009,0.987355591
1447,595759.790544000,496511.067941000,1791356088.041011095,0.035407,-0.065988980,0.035576929,-0.015827376,-0.002014014,0.004692967,0.158982549,0.987268185
1448,595759.807212000,496511.084608000,1791356088.057677984,0.039145,-0.065688357,0.034835239,-0.014831657,-0.001596091,0.004820905,0.160344530,0.987048045
1449,595759.823879000,496511.101276000,1791356088.074345112,0.033107,-0.065873359,0.035247865,-0.014168170,-0.001257401,0.005090714,0.162455067,0.986702009
1450,595759.840546000,496511.117943000,1791356088.091012955,0.031795,-0.066150794,0.035676252,-0.013775554,-0.000975681,0.005194959,0.165020198,0.986276024
1451,595759.857213000,496511.134610000,1791356088.107680082,0.030536,-0.066363629,0.036558803,-0.013718856,-0.000876102,0.005266499,0.167611022,0.985838750
1452,595759.873881000,496511.151277000,1791356088.124346972,0.029174,-0.066683135,0.037269517,-0.013734860,-0.000805391,0.005165500,0.169857932,0.985454693
1453,595759.890548000,496511.167945000,1791356088.141014099,0.032910,-0.066972303,0.038392534,-0.013883369,-0.000836539,0.005151408,0.171534241,0.985164335
1454,595759.907215000,496511.184612000,1791356088.157681942,0.031612,-0.067227275,0.038909405,-0.013935872,-0.000855078,0.005133294,0.172953748,0.984916199
1455,595759.923882000,496511.201279000,1791356088.174349070,0.030360,-0.067000952,0.039134075,-0.013970066,-0.000880744,0.005093404,0.173720078,0.984781507
1456,595759.940550000,496511.217946000,1791356088.191015959,0.029152,-0.067213868,0.039292333,-0.013960744,-0.000956687,0.005090602,0.174470568,0.984648766
1457,595759.957217000,496511.234613000,1791356088.207683086,0.027995,-0.067384951,0.039432659,-0.013975241,-0.001045212,0.005049793,0.174811521,0.984588411
1458,595759.973884000,496511.251281000,1791356088.224350929,0.031842,-0.067521163,0.039584176,-0.013975480,-0.001098617,0.005031745,0.174877755,0.984576683
1459,595759.990551000,496511.267948000,1791356088.241018057,0.030602,-0.067587462,0.039922266,-0.014049175,-0.001126272,0.005006196,0.174837774,0.984583883
1460,595760.007219000,496511.284615000,1791356088.257684946,0.029329,-0.067601643,0.040162268,-0.014014686,-0.001132569,0.005016049,0.174809084,0.984588920
1461,595760.023886000,496511.301282000,1791356088.274352074,0.028087,-0.067659914,0.040331565,-0.013958092,-0.001143718,0.005026684,0.174793159,0.984591680
1462,595760.040553000,496511.317950000,1791356088.291019917,0.032371,-0.066340462,0.040423321,-0.014064927,-0.001295777,0.004971510,0.174682254,0.984611454
1463,595760.057220000,496511.334617000,1791356088.307687044,0.031087,-0.066352251,0.040553044,-0.013890373,-0.001248891,0.005022692,0.174649663,0.984617036
1464,595760.073887000,496511.351284000,1791356088.324353933,0.029866,-0.066356313,0.040635601,-0.013673489,-0.001208029,0.005080895,0.174629371,0.984620388
1465,595760.090555000,496511.367951000,1791356088.341021061,0.028643,-0.066437313,0.040727198,-0.013530629,-0.001171889,0.005118438,0.174613645,0.984623026
1466,595760.107222000,496511.384619000,1791356088.357687950,0.032471,-0.066195179,0.040550392,-0.013218099,-0.001116930,0.005167201,0.174639189,0.984618305
1467,595760.123889000,496511.401286000,1791356088.374356031,0.026118,-0.066270113,0.040634698,-0.013089906,-0.001081653,0.005204591,0.174645337,0.984617057
1468,595760.140556000,496511.417953000,1791356088.391022921,0.029860,-0.066295661,0.040688549,-0.012944737,-0.001053083,0.005249081,0.174650722,0.984615896
1469,595760.157224000,496511.434620000,1791356088.407690048,0.028634,-0.065929427,0.040968079,-0.012619353,-0.000985068,0.005253336,0.174364216,0.984666721
1470,595760.173891000,496511.451288000,1791356088.424356937,0.027292,-0.065949604,0.040976697,-0.012470078,-0.000953600,0.005300802,0.174355718,0.984668003
1471,595760.190558000,496511.467955000,1791356088.441025019,0.031014,-0.066008714,0.040988644,-0.012348787,-0.000940209,0.005336831,0.174348889,0.984669030
1472,595760.207225000,496511.484622000,1791356088.457691908,0.029732,-0.066054933,0.040986198,-0.012231376,-0.000930629,0.005370611,0.174343853,0.984669747
1473,595760.223893000,496511.501289000,1791356088.474359035,0.028444,-0.066096084,0.041001841,-0.012113476,-0.000909190,0.005409975,0.174340180,0.984670202
1474,595760.240560000,496511.517957000,1791356088.491025925,0.027725,-0.066113608,0.041016651,-0.011995861,-0.000902959,0.005444777,0.174341653,0.984669755
1475,595760.257227000,496511.534624000,1791356088.507694006,0.026377,-0.066107866,0.041037741,-0.011907116,-0.000891134,0.005473042,0.174338096,0.984670239
1476,595760.273894000,496511.551291000,1791356088.524360895,0.030065,-0.065654943,0.041409528,-0.011615019,-0.000871971,0.005458712,0.174104644,0.984711640
1477,595760.290562000,496511.567958000,1791356088.541028023,0.028694,-0.065752574,0.041440994,-0.011524769,-0.000859922,0.005492339,0.174106873,0.984711070
1478,595760.307229000,496511.584625000,1791356088.557694912,0.027325,-0.065804142,0.041464256,-0.011435911,-0.000861052,0.005526533,0.174116206,0.984709228
1479,595760.323896000,496511.601293000,1791356088.574362993,0.025952,-0.065826232,0.041478021,-0.011359081,-0.000857267,0.005557126,0.174110246,0.984710112
1480,595760.340563000,496511.617960000,1791356088.591029882,0.029622,-0.065803839,0.041492243,-0.011260354,-0.000859147,0.005593609,0.174117001,0.984708710
1481,595760.357230000,496511.634627000,1791356088.607697010,0.028228,-0.065765158,0.041499815,-0.011185475,-0.000860181,0.005622493,0.174095167,0.984712405
1482,595760.373898000,496511.651294000,1791356088.624363899,0.026832,-0.065720559,0.041524670,-0.011123243,-0.000858601,0.005650777,0.174086828,0.984713719
1483,595760.390565000,496511.667961000,1791356088.641031981,0.030509,-0.065285585,0.041731443,-0.011045031,-0.000864065,0.005624168,0.173868508,0.984752438
1484,595760.407232000,496511.684629000,1791356088.657699108,0.029185,-0.065395357,0.041784603,-0.010969296,-0.000855424,0.005656999,0.173884733,0.984749393
1485,595760.423899000,496511.701296000,1791356088.674365997,0.032925,-0.065447427,0.041823557,-0.010879987,-0.000851066,0.005689802,0.173892190,0.984747891
1486,595760.440567000,496511.717963000,1791356088.691032887,0.026980,-0.065436630,0.041849321,-0.010795197,-0.000834416,0.005722349,0.173885209,0.984748949
1487,595760.457234000,496511.734630000,1791356088.707700968,0.035908,-0.065088020,0.041895678,-0.010690181,-0.000825064,0.005761137,0.173803898,0.984763085
1488,595760.473901000,496511.751298000,1791356088.724368095,0.029542,-0.065139352,0.041889621,-0.010639923,-0.000813020,0.005792994,0.173811598,0.984761549
1489,595760.490568000,496511.767965000,1791356088.741034985,0.028268,-0.065166537,0.041872781,-0.010616772,-0.000818716,0.005816325,0.173826664,0.984758748
1490,595760.507235000,496511.784632000,1791356088.757702112,0.026918,-0.065186016,0.041885654,-0.010725267,-0.000813910,0.005762586,0.173734201,0.984775384
1491,595760.523903000,496511.801299000,1791356088.774369955,0.025609,-0.065266289,0.041876366,-0.010760472,-0.000807378,0.005768953,0.173740129,0.984774307
1492,595760.540570000,496511.817967000,1791356088.791037083,0.029388,-0.065320605,0.041862317,-0.010827212,-0.000817831,0.005780867,0.173736151,0.984774930
1493,595760.557237000,496511.834634000,1791356088.807703972,0.028213,-0.065386580,0.041860463,-0.010895105,-0.000830493,0.005780869,0.173739272,0.984774369
1494,595760.573905000,496511.851301000,1791356088.824371099,0.026955,-0.065412171,0.041840529,-0.010978276,-0.000857514,0.005796803,0.173747831,0.984772742
1495,595760.590572000,496511.867968000,1791356088.841037989,0.025685,-0.065420438,0.041826834,-0.011068222,-0.000876362,0.005810809,0.173756001,0.984771201
1496,595760.607239000,496511.884636000,1791356088.857706070,0.029534,-0.065462194,0.041823150,-0.011087851,-0.000882199,0.005827954,0.173767620,0.984769044
1497,595760.623906000,496511.901303000,1791356088.874372959,0.028281,-0.065543900,0.041835435,-0.011189898,-0.000883201,0.005789312,0.173694530,0.984782166
1498,595760.640573000,496511.917970000,1791356088.891040087,0.027036,-0.065613358,0.041836721,-0.011210367,-0.000887795,0.005815488,0.173706848,0.984779835
1499,595760.657241000,496511.934637000,1791356088.907706976,0.026693,-0.065679075,0.041835641,-0.011208730,-0.000890820,0.005826945,0.173726527,0.984776293
1500,595760.673908000,496511.951305000,1791356088.924375057,0.025554,-0.065742684,0.041835705,-0.011196184,-0.000895500,0.005839437,0.173752165,0.984771691
1501,595760.690575000,496511.967972000,1791356088.941041946,0.034379,-0.065217751,0.041761668,-0.011134232,-0.000916535,0.005884830,0.173696595,0.984781205
1502,595760.707242000,496511.984639000,1791356088.957709074,0.028100,-0.065283071,0.041763289,-0.011111104,-0.000916795,0.005902870,0.173704920,0.984779628
1503,595760.723910000,496512.001306000,1791356088.974375963,0.026814,-0.065334250,0.041778138,-0.011078254,-0.000922062,0.005925153,0.173725236,0.984775906
1504,595760.740577000,496512.017974000,1791356088.991043091,0.030554,-0.065458988,0.041806947,-0.011058547,-0.000930442,0.005914506,0.173688360,0.984782467
1505,595760.757244000,496512.034641000,1791356089.007710934,0.029262,-0.065543249,0.041832307,-0.011041379,-0.000924779,0.005934723,0.173685470,0.984782860
1506,595760.773911000,496512.051308000,1791356089.024378061,0.028214,-0.065599572,0.041851849,-0.011012616,-0.000928388,0.005947230,0.173689157,0.984782131
1507,595760.790579000,496512.067975000,1791356089.041044950,0.027059,-0.065634471,0.041868444,-0.010977911,-0.000936546,0.005960894,0.173698682,0.984780361
1508,595760.807246000,496512.084642000,1791356089.057712078,0.036003,-0.065142681,0.042023436,-0.010931150,-0.000947101,0.005990003,0.173596677,0.984798160
1509,595760.823913000,496512.101310000,1791356089.074379921,0.029723,-0.065188515,0.042035180,-0.010883881,-0.000951653,0.006012491,0.173615474,0.984794705
1510,595760.840580000,496512.117977000,1791356089.091047049,0.028514,-0.065216896,0.042051314,-0.010834492,-0.000960075,0.006035825,0.173640871,0.984790077
1511,595760.857248000,496512.134644000,1791356089.107713938,0.027917,-0.065314900,0.042071729,-0.010857305,-0.000950690,0.006020853,0.173559787,0.984804471
1512,595760.873915000,496512.151311000,1791356089.124381065,0.026698,-0.065374065,0.042093761,-0.010838518,-0.000956741,0.006046658,0.173570727,0.984802379
1513,595760.890582000,496512.167979000,1791356089.141048908,0.030413,-0.065340733,0.042072043,-0.010796629,-0.000969332,0.006074303,0.173570884,0.984802169
1514,595760.907249000,496512.184646000,1791356089.157716036,0.029153,-0.065364696,0.042074908,-0.010743251,-0.000975725,0.006096101,0.173586455,0.984799283
1515,595760.923916000,496512.201313000,1791356089.174382925,0.027907,-0.065310688,0.042055345,-0.010701244,-0.000992043,0.006119114,0.173574709,0.984801194
1516,595760.940584000,496512.217980000,1791356089.191050053,0.026658,-0.065320991,0.042064239,-0.010666853,-0.000994559,0.006132506,0.173574576,0.984801132
1517,595760.957251000,496512.234647000,1791356089.207717896,0.030548,-0.065330280,0.042068733,-0.010631422,-0.000993704,0.006150923,0.173566558,0.984802431
1518,595760.973918000,496512.251315000,1791356089.224385023,0.029480,-0.065355957,0.042096508,-0.010612566,-0.000999902,0.006150314,0.173528246,0.984809180
1519,595760.990585000,496512.267982000,1791356089.241051912,0.028427,-0.065364961,0.042121611,-0.010586930,-0.000993283,0.006165360,0.173518772,0.984810762
1520,595761.007253000,496512.284649000,1791356089.257719040,0.027196,-0.065376124,0.042143213,-0.010558316,-0.000988180,0.006179379,0.173514489,0.984811434
1521,595761.023920000,496512.301316000,1791356089.274386883,0.026007,-0.065381555,0.042160442,-0.010532006,-0.000998618,0.006194266,0.173515895,0.984811082
1522,595761.040587000,496512.317984000,1791356089.291054010,0.035049,-0.064893435,0.042319399,-0.010566124,-0.001010496,0.006210786,0.173387830,0.984833522
1523,595761.057254000,496512.334651000,1791356089.307720900,0.024325,-0.064915982,0.042343007,-0.010542694,-0.000995125,0.006222553,0.173380742,0.984834711
1524,595761.073921000,496512.351318000,1791356089.324388027,0.028136,-0.064941975,0.042373516,-0.010524401,-0.000992631,0.006224365,0.173374106,0.984835870
1525,595761.090589000,496512.367985000,1791356089.341056108,0.026905,-0.064983356,0.042398230,-0.010521355,-0.001010952,0.006228042,0.173338407,0.984842112
1526,595761.107256000,496512.384653000,1791356089.357722998,0.025761,-0.065002275,0.042433071,-0.010497987,-0.001033270,0.006247311,0.173353491,0.984839312
1527,595761.123923000,496512.401320000,1791356089.374389887,0.029650,-0.065020270,0.042457926,-0.010471782,-0.001023878,0.006269643,0.173336232,0.984842218
1528,595761.140590000,496512.417987000,1791356089.391057014,0.028382,-0.065032286,0.042486591,-0.010436346,-0.001026517,0.006283574,0.173327669,0.984843633
1529,595761.157258000,496512.434654000,1791356089.407725096,0.027156,-0.065019486,0.042515080,-0.010387796,-0.001027895,0.006306602,0.173337265,0.984841796
1530,595761.173925000,496512.451322000,1791356089.424391985,0.026030,-0.065003504,0.042538796,-0.010334853,-0.001045894,0.006325508,0.173352494,0.984838975
1531,595761.190592000,496512.467989000,1791356089.441059113,0.029916,-0.064980243,0.042559929,-0.010278974,-0.001036397,0.006344175,0.173354422,0.984838526
1532,595761.207259000,496512.484656000,1791356089.457726002,0.028713,-0.064992415,0.042591482,-0.010241633,-0.001040036,0.006345399,0.173316315,0.984845221
1533,595761.223927000,496512.501323000,1791356089.474394083,0.027586,-0.064991498,0.042626724,-0.010204732,-0.001037225,0.006362855,0.173299488,0.984848072
1534,595761.240594000,496512.517990000,1791356089.491060972,0.026463,-0.064973603,0.042656476,-0.010162188,-0.001042435,0.006381502,0.173293264,0.984849041
1535,595761.257261000,496512.534658000,1791356089.507728100,0.030410,-0.064961208,0.042691052,-0.010120861,-0.001033140,0.006395823,0.173278065,0.984851633
1536,595761.273928000,496512.551325000,1791356089.524394989,0.029740,-0.064961929,0.042725947,-0.010082026,-0.001045944,0.006401529,0.173260070,0.984854748
1537,595761.290596000,496512.567992000,1791356089.541062117,0.028551,-0.064964522,0.042756259,-0.010051134,-0.001031540,0.006414819,0.173241525,0.984857939
1538,595761.307263000,496512.584659000,1791356089.557729959,0.027231,-0.064961400,0.042784370,-0.010025560,-0.001027101,0.006427841,0.173237612,0.984858547
1539,595761.323930000,496512.601327000,1791356089.574397087,0.025974,-0.064973510,0.042831586,-0.009997400,-0.001042985,0.006441140,0.173209767,0.984863341
1540,595761.340597000,496512.617994000,1791356089.591063976,0.024840,-0.064983334,0.042872053,-0.009968225,-0.001044708,0.006457361,0.173202330,0.984864541
1541,595761.357264000,496512.634661000,1791356089.607731104,0.028655,-0.064986368,0.042906779,-0.009932039,-0.001048855,0.006473180,0.173200415,0.984864769
1542,595761.373932000,496512.651328000,1791356089.624398947,0.028236,-0.064974715,0.042931034,-0.009889492,-0.001041573,0.006491126,0.173194576,0.984865686
1543,595761.390599000,496512.667996000,1791356089.641066074,0.027012,-0.064959851,0.042960178,-0.009855673,-0.001047822,0.006497420,0.173190232,0.984866402
1544,595761.407266000,496512.684663000,1791356089.657732964,0.025645,-0.064943930,0.042979095,-0.009836073,-0.001048147,0.006509511,0.173183466,0.984867511
1545,595761.423933000,496512.701330000,1791356089.674400091,0.029606,-0.064932525,0.042988077,-0.009822196,-0.001041036,0.006523791,0.173170074,0.984869779
1546,595761.440601000,496512.717997000,1791356089.691067934,0.028669,-0.064932975,0.043004298,-0.009818756,-0.001053309,0.006532636,0.173123888,0.984877827
1547,595761.457268000,496512.734665000,1791356089.707735062,0.027466,-0.064929033,0.043020386,-0.009803797,-0.001068752,0.006544147,0.173110565,0.984880076
1548,595761.473935000,496512.751332000,1791356089.724401951,0.026148,-0.064916292,0.043037052,-0.009780993,-0.001075097,0.006560464,0.173117350,0.984878768
1549,595761.490602000,496512.767999000,1791356089.741069078,0.025331,-0.064909384,0.043054360,-0.009756148,-0.001068631,0.006572822,0.173112986,0.984879460
1550,595761.507270000,496512.784666000,1791356089.757736921,0.029124,-0.064903269,0.043071718,-0.009726550,-0.001057190,0.006572494,0.173105657,0.984880762
1551,595761.523937000,496512.801334000,1791356089.774404049,0.027744,-0.064875336,0.043091486,-0.009701715,-0.001054729,0.006578049,0.173100541,0.984881627
1552,595761.540604000,496512.818001000,1791356089.791070938,0.026422,-0.064840434,0.043109849,-0.009679040,-0.001054805,0.006589032,0.173096350,0.984882290
1553,595761.557271000,496512.834668000,1791356089.807738066,0.030172,-0.064830234,0.043129062,-0.009674342,-0.001051822,0.006586599,0.173057118,0.984889204
1554,595761.573939000,496512.851335000,1791356089.824405909,0.028838,-0.064813066,0.043151952,-0.009669523,-0.001063613,0.006591929,0.173031836,0.984893598
1555,595761.590606000,496512.868003000,1791356089.841073036,0.027504,-0.064788865,0.043170996,-0.009655178,-0.001070097,0.006604451,0.173015697,0.984896342
1556,595761.607273000,496512.884670000,1791356089.857739925,0.026172,-0.064787220,0.043195801,-0.009631994,-0.001074113,0.006617047,0.172997091,0.984899521
1557,595761.623940000,496512.901337000,1791356089.874407053,0.024841,-0.064771587,0.043220863,-0.009627510,-0.001088948,0.006629309,0.172970826,0.984904036
1558,595761.640608000,496512.918004000,1791356089.891073942,0.028640,-0.064758038,0.043246477,-0.009622619,-0.001090478,0.006639157,0.172949550,0.984907704
1559,595761.657275000,496512.934672000,1791356089.907742023,0.027340,-0.064736124,0.043270247,-0.009615353,-0.001085674,0.006642237,0.172935757,0.984910111
1560,595761.673942000,496512.951339000,1791356089.924408913,0.026003,-0.064735430,0.043292611,-0.009627588,-0.001097883,0.006641728,0.172886460,0.984918755
1561,595761.690609000,496512.968006000,1791356089.941076040,0.029849,-0.064727940,0.043324777,-0.009640087,-0.001102727,0.006643035,0.172865172,0.984922477
1562,595761.707277000,496512.984673000,1791356089.957742929,0.028921,-0.064734299,0.043370981,-0.009643865,-0.001118818,0.006652532,0.172848211,0.984925372
1563,595761.723944000,496513.001341000,1791356089.974411011,0.027567,-0.064737474,0.043418476,-0.009630127,-0.001121539,0.006666200,0.172843374,0.984926125
1564,595761.740611000,496513.018008000,1791356089.991077900,0.026242,-0.064726221,0.043474295,-0.009600135,-0.001141756,0.006682237,0.172825103,0.984929200
1565,595761.757278000,496513.034675000,1791356090.007745028,0.030054,-0.064713782,0.043527919,-0.009570696,-0.001139334,0.006687708,0.172802580,0.984933117
1566,595761.773946000,496513.051342000,1791356090.024411917,0.028742,-0.064717055,0.043593691,-0.009542919,-0.001126612,0.006681578,0.172784664,0.984936316
1567,595761.790613000,496513.068009000,1791356090.041079998,0.027536,-0.064735584,0.043675674,-0.009530802,-0.001124319,0.006687631,0.172745384,0.984943168
1568,595761.807280000,496513.084677000,1791356090.057746887,0.026376,-0.064745045,0.043780146,-0.009526655,-0.001117406,0.006697541,0.172721090,0.984947369
1569,595761.823947000,496513.101344000,1791356090.074414015,0.030299,-0.064746309,0.043895098,-0.009529110,-0.001112346,0.006700342,0.172688041,0.984953150
1570,595761.840614000,496513.118011000,1791356090.091080904,0.029081,-0.064760398,0.044005409,-0.009522154,-0.001120999,0.006708696,0.172648097,0.984960086
1571,595761.857282000,496513.134678000,1791356090.107748985,0.027861,-0.064760749,0.044106426,-0.009508033,-0.001113191,0.006719078,0.172625119,0.984964052
1572,595761.873949000,496513.151346000,1791356090.124416113,0.026621,-0.064744860,0.044212082,-0.009495556,-0.001119049,0.006723617,0.172613806,0.984965997
1573,595761.890616000,496513.168013000,1791356090.141083002,0.030471,-0.064729716,0.044305399,-0.009487496,-0.001111946,0.006727752,0.172591001,0.984969973
1574,595761.907283000,496513.184680000,1791356090.157749891,0.029784,-0.064723870,0.044427508,-0.009502610,-0.001097053,0.006724951,0.172541845,0.984978621
1575,595761.923951000,496513.201347000,1791356090.174417019,0.028693,-0.064717976,0.044532038,-0.009506252,-0.001094345,0.006735592,0.172501466,0.984985623
1576,595761.940618000,496513.218014000,1791356090.191085100,0.027496,-0.064725580,0.044580041,-0.009489952,-0.001092898,0.006740634,0.172487165,0.984988095
1577,595761.957285000,496513.234682000,1791356090.207751989,0.026138,-0.064725113,0.044671706,-0.009489780,-0.001102114,0.006746733,0.172464611,0.984991992
1578,595761.973952000,496513.251349000,1791356090.224419117,0.029865,-0.064721221,0.044769156,-0.009492642,-0.001122615,0.006752191,0.172433257,0.984997421
1579,595761.990620000,496513.268016000,1791356090.241086006,0.028594,-0.064716632,0.044875779,-0.009488016,-0.001128829,0.006758965,0.172400914,0.985003029
1580,595762.007287000,496513.284683000,1791356090.257754087,0.027292,-0.064712195,0.044973730,-0.009473007,-0.001141472,0.006768291,0.172381087,0.985006420
1581,595762.023954000,496513.301351000,1791356090.274420977,0.025957,-0.064732455,0.045086978,-0.009479422,-0.001133865,0.006767264,0.172333557,0.985014753
1582,595762.040621000,496513.318018000,1791356090.291088104,0.029693,-0.064735911,0.045188769,-0.009474163,-0.001140943,0.006776370,0.172308942,0.985018988
1583,595762.057289000,496513.334685000,1791356090.307755947,0.028357,-0.064733542,0.045290170,-0.009463046,-0.001138779,0.006783338,0.172285533,0.985023038
1584,595762.073956000,496513.351352000,1791356090.324423075,0.027022,-0.064729447,0.045389542,-0.009449129,-0.001140663,0.006783710,0.172268769,0.985025965
1585,595762.090623000,496513.368020000,1791356090.341089964,0.025686,-0.064729260,0.045476982,-0.009434879,-0.001129249,0.006789342,0.172245553,0.985029999
1586,595762.107290000,496513.384687000,1791356090.357757092,0.029452,-0.064729741,0.045553361,-0.009417526,-0.001141874,0.006805258,0.172221054,0.985034158
1587,595762.123957000,496513.401354000,1791356090.374423981,0.028968,-0.064726313,0.045622894,-0.009396248,-0.001152589,0.006820322,0.172192544,0.985039026
1588,595762.140625000,496513.418021000,1791356090.391092062,0.027825,-0.064721621,0.045693439,-0.009387045,-0.001167251,0.006829746,0.172161440,0.985044380
1589,595762.157292000,496513.434689000,1791356090.407758951,0.026639,-0.064700524,0.045776848,-0.009382561,-0.001178431,0.006838070,0.172133260,0.985049234
1590,595762.173959000,496513.451356000,1791356090.424426079,0.030542,-0.064676312,0.045868463,-0.009374863,-0.001176000,0.006840230,0.172111891,0.985052956
1591,595762.190626000,496513.468023000,1791356090.441092968,0.029303,-0.064667914,0.045954274,-0.009361369,-0.001176993,0.006843920,0.172092860,0.985056254
1592,595762.207294000,496513.484690000,1791356090.457761049,0.027969,-0.064658057,0.046019540,-0.009343644,-0.001167982,0.006851167,0.172067346,0.985060671
1593,595762.223961000,496513.501358000,1791356090.474427938,0.026574,-0.064641458,0.046075362,-0.009323912,-0.001171055,0.006861673,0.172037595,0.985065791
1594,595762.240628000,496513.518025000,1791356090.491095066,0.025205,-0.064624282,0.046125190,-0.009301831,-0.001179960,0.006872410,0.172019970,0.985068783
1595,595762.257295000,496513.534692000,1791356090.507761955,0.028906,-0.064629105,0.046178689,-0.009300848,-0.001181390,0.006869486,0.171980657,0.985075666
1596,595762.273963000,496513.551359000,1791356090.524429083,0.027559,-0.064636528,0.046219476,-0.009279644,-0.001178586,0.006877567,0.171971346,0.985077239
1597,595762.290630000,496513.568026000,1791356090.541096926,0.026176,-0.064629683,0.046275148,-0.009274353,-0.001184375,0.006886558,0.171954512,0.985080108
1598,595762.307297000,496513.584694000,1791356090.557764053,0.029873,-0.064614702,0.046324043,-0.009262744,-0.001199253,0.006899169,0.171948295,0.985081087
1599,595762.323964000,496513.601361000,1791356090.574430943,0.028932,-0.064597856,0.046371015,-0.009272152,-0.001218884,0.006904314,0.171918800,0.985086174
1600,595762.340632000,496513.618028000,1791356090.591098070,0.027577,-0.064586306,0.046423407,-0.009266746,-0.001230334,0.006915546,0.171905809,0.985088349
1601,595762.357299000,496513.634696000,1791356090.607765913,0.026201,-0.064583648,0.046478256,-0.009266222,-0.001224695,0.006911312,0.171874903,0.985093778
1602,595762.373966000,496513.651363000,1791356090.624433041,0.024855,-0.064600221,0.046546206,-0.009281371,-0.001235310,0.006911454,0.171832220,0.985101210
1603,595762.390633000,496513.668030000,1791356090.641099930,0.028552,-0.064612792,0.046611026,-0.009297548,-0.001224058,0.006913886,0.171806952,0.985105614
1604,595762.407301000,496513.684697000,1791356090.657767057,0.027184,-0.064625694,0.046675914,-0.009309831,-0.001226265,0.006921557,0.171789781,0.985108552
1605,595762.423968000,496513.701364000,1791356090.674434900,0.030889,-0.064630646,0.046739693,-0.009319192,-0.001232428,0.006920809,0.171787580,0.985108934
1606,595762.440635000,496513.718032000,1791356090.691102028,0.029527,-0.064631125,0.046799368,-0.009320394,-0.001244196,0.006928990,0.171783064,0.985109649
1607,595762.457302000,496513.734699000,1791356090.707768917,0.028143,-0.064634935,0.046851207,-0.009312855,-0.001242813,0.006930537,0.171775425,0.985110972
1608,595762.473970000,496513.751366000,1791356090.724436045,0.031804,-0.064645735,0.046910333,-0.009286270,-0.001239040,0.006933286,0.171769812,0.985111936
1609,595762.490637000,496513.768034000,1791356090.741102934,0.025349,-0.064665316,0.046977653,-0.009286671,-0.001249388,0.006933294,0.171731088,0.985118674
1610,595762.507304000,496513.784701000,1791356090.757771015,0.029060,-0.064668016,0.047035695,-0.009296626,-0.001244510,0.006935960,0.171705440,0.985123132
1611,595762.523971000,496513.801368000,1791356090.774437904,0.027812,-0.064680992,0.047087906,-0.009315250,-0.001241948,0.006941338,0.171679131,0.985127683
1612,595762.540639000,496513.818035000,1791356090.791105032,0.026968,-0.064689675,0.047140253,-0.009320575,-0.001240185,0.006942156,0.171670463,0.985129190
1613,595762.557306000,496513.834703000,1791356090.807771921,0.030666,-0.064695546,0.047176361,-0.009305433,-0.001251022,0.006958073,0.171674532,0.985128355
1614,595762.573973000,496513.851370000,1791356090.824440002,0.029563,-0.064701268,0.047216358,-0.009293815,-0.001253678,0.006961237,0.171670656,0.985129004
1615,595762.590640000,496513.868037000,1791356090.841106892,0.028357,-0.064710275,0.047251082,-0.009289472,-0.001255325,0.006969348,0.171662431,0.985130378
1616,595762.607308000,496513.884704000,1791356090.857774019,0.027149,-0.064726703,0.047291962,-0.009293822,-0.001254544,0.006965608,0.171639129,0.985134466
1617,595762.623975000,496513.901372000,1791356090.874440908,0.025833,-0.064734640,0.047335758,-0.009291620,-0.001257717,0.006969865,0.171628338,0.985136312
1618,595762.640642000,496513.918039000,1791356090.891108990,0.024564,-0.064733480,0.047378220,-0.009290283,-0.001255277,0.006978474,0.171621347,0.985137472
1619,595762.657309000,496513.934706000,1791356090.907776117,0.028362,-0.064744803,0.047425561,-0.009276642,-0.001249206,0.006986314,0.171606239,0.985140056
1620,595762.673977000,496513.951373000,1791356090.924443007,0.027069,-0.064760544,0.047457169,-0.009293139,-0.001262782,0.006979704,0.171588797,0.985143124
1621,595762.690644000,496513.968040000,1791356090.941109896,0.025786,-0.064779608,0.047489844,-0.009301527,-0.001271746,0.006985190,0.171581620,0.985144323
1622,595762.707311000,496513.984708000,1791356090.957777977,0.029502,-0.064799800,0.047522454,-0.009296051,-0.001275354,0.006989711,0.171573627,0.985145679
1623,595762.723978000,496514.001375000,1791356090.974445105,0.028155,-0.064822216,0.047566755,-0.009297513,-0.001282894,0.006989960,0.171557083,0.985148548
1624,595762.740646000,496514.018042000,1791356090.991111994,0.027272,-0.064834856,0.047603334,-0.009301557,-0.001276842,0.006995156,0.171545161,0.985150595
1625,595762.757313000,496514.034709000,1791356091.007778883,0.025925,-0.064848295,0.047636195,-0.009313614,-0.001269114,0.006989469,0.171530208,0.985153249
1626,595762.773980000,496514.051377000,1791356091.024446964,0.029603,-0.064855895,0.047667507,-0.009315942,-0.001274923,0.006995905,0.171521224,0.985154760
1627,595762.790647000,496514.068044000,1791356091.041114092,0.028219,-0.064864936,0.047695759,-0.009303727,-0.001286260,0.007006533,0.171522618,0.985154427
1628,595762.807315000,496514.084711000,1791356091.057780981,0.026835,-0.064862669,0.047725346,-0.009270310,-0.001301117,0.007020644,0.171538064,0.985151618
1629,595762.823982000,496514.101378000,1791356091.074448109,0.030572,-0.064863431,0.047747346,-0.009237975,-0.001304141,0.007032612,0.171532652,0.985152471
1630,595762.840649000,496514.118046000,1791356091.091114998,0.029244,-0.064869957,0.047778283,-0.009226704,-0.001304200,0.007027910,0.171517781,0.985155094
1631,595762.857316000,496514.134713000,1791356091.107783079,0.027920,-0.064872712,0.047804319,-0.009224076,-0.001301686,0.007036889,0.171497687,0.985158531
1632,595762.873983000,496514.151380000,1791356091.124449968,0.026603,-0.064872708,0.047831400,-0.009222806,-0.001294204,0.007033042,0.171492210,0.985159522
1633,595762.890651000,496514.168047000,1791356091.141117096,0.030400,-0.064873607,0.047856352,-0.009221439,-0.001288793,0.007033004,0.171472988,0.985162875
1634,595762.907318000,496514.184714000,1791356091.157783985,0.029174,-0.064882798,0.047878336,-0.009227413,-0.001294592,0.007034592,0.171460968,0.985164948
1635,595762.923985000,496514.201382000,1791356091.174451113,0.027991,-0.064884106,0.047898572,-0.009228684,-0.001294346,0.007045470,0.171452871,0.985166280
1636,595762.940652000,496514.218049000,1791356091.191118956,0.026849,-0.064873358,0.047921618,-0.009225613,-0.001301695,0.007049135,0.171454397,0.985165978
1637,595762.957320000,496514.234716000,1791356091.207786083,0.026183,-0.064871468,0.047959921,-0.009230089,-0.001315952,0.007055403,0.171447540,0.985167108
1638,595762.973987000,496514.251383000,1791356091.224452972,0.029898,-0.064864508,0.047991451,-0.009237953,-0.001307365,0.007056270,0.171434164,0.985169441
1639,595762.990654000,496514.268051000,1791356091.241120100,0.028534,-0.064855388,0.048022722,-0.009236023,-0.001310104,0.007063617,0.171428939,0.985170294
1640,595763.007321000,496514.284718000,1791356091.257787943,0.027166,-0.064844486,0.048059472,-0.009215400,-0.001334378,0.007079062,0.171434502,0.985169182
1641,595763.023744000,496514.301385000,1791356091.274455070,0.026027,-0.064835736,0.048092755,-0.009193997,-0.001364904,0.007091008,0.171432517,0.985169400
1642,595763.040412000,496514.318052000,1791356091.291121960,0.029690,-0.064830523,0.048120583,-0.009173181,-0.001370281,0.007102461,0.171425528,0.985170526
1643,595763.057079000,496514.334720000,1791356091.307790041,0.028294,-0.064826180,0.048147960,-0.009155849,-0.001365558,0.007112359,0.171404045,0.985174199
1644,595763.073746000,496514.351387000,1791356091.324456930,0.026902,-0.064824254,0.048180452,-0.009137204,-0.001386119,0.007123568,0.171393215,0.985175974
1645,595763.090413000,496514.368054000,1791356091.341124058,0.025572,-0.064812110,0.048198519,-0.009107403,-0.001410040,0.007141447,0.171397286,0.985175102
1646,595763.107081000,496514.384721000,1791356091.357790947,0.029383,-0.064794010,0.048212177,-0.009065184,-0.001416647,0.007154719,0.171399044,0.985174690
1647,595763.123748000,496514.401389000,1791356091.374459028,0.028134,-0.064776737,0.048226844,-0.009033097,-0.001413313,0.007165500,0.171389564,0.985176266
1648,595763.140415000,496514.418056000,1791356091.391125917,0.026753,-0.064761493,0.048249493,-0.008999960,-0.001411199,0.007170538,0.171382284,0.985177499
1649,595763.157082000,496514.434723000,1791356091.407793045,0.030430,-0.064758692,0.048275902,-0.008976358,-0.001407772,0.007163452,0.171367882,0.985180061
1650,595763.173750000,496514.451390000,1791356091.424459934,0.029595,-0.064748795,0.048304460,-0.008958579,-0.001406539,0.007168840,0.171370221,0.985179616
1651,595763.190417000,496514.468058000,1791356091.441127062,0.028249,-0.064759495,0.048337601,-0.008963353,-0.001412895,0.007165062,0.171351484,0.985182894
1652,595763.207084000,496514.484725000,1791356091.457794905,0.026877,-0.064755632,0.048385279,-0.008946539,-0.001420054,0.007171249,0.171352573,0.985182649
1653,595763.223751000,496514.501392000,1791356091.474462032,0.025547,-0.064745893,0.048411032,-0.008938612,-0.001434874,0.007190494,0.171349607,0.985183003
1654,595763.240418000,496514.518059000,1791356091.491128922,0.029296,-0.064738169,0.048435707,-0.008928491,-0.001451173,0.007198514,0.171345002,0.985183722
1655,595763.257086000,496514.534727000,1791356091.507796049,0.027922,-0.064751289,0.048461901,-0.008921800,-0.001449476,0.007200343,0.171328686,0.985186549
1656,595763.273753000,496514.551394000,1791356091.524463892,0.026555,-0.064765463,0.048483317,-0.008910924,-0.001448081,0.007207774,0.171325937,0.985186974
1657,595763.290420000,496514.568061000,1791356091.541131020,0.030293,-0.064779164,0.048501279,-0.008903525,-0.001436244,0.007210304,0.171316039,0.985188694
1658,595763.307087000,496514.584728000,1791356091.557797909,0.029029,-0.064800275,0.048527686,-0.008908393,-0.001446706,0.007204569,0.171306303,0.985190414
1659,595763.323755000,496514.601395000,1791356091.574465036,0.027720,-0.064821348,0.048559808,-0.008915511,-0.001436354,0.007199832,0.171296360,0.985192193
1660,595763.340422000,496514.618063000,1791356091.591131926,0.031635,-0.064836546,0.048589718,-0.008918742,-0.001440363,0.007202259,0.171293716,0.985192629
1661,595763.357089000,496514.634730000,1791356091.607800007,0.025345,-0.064851293,0.048618780,-0.008929579,-0.001432962,0.007197317,0.171286025,0.985194013
1662,595763.373756000,496514.651397000,1791356091.624466896,0.029098,-0.064871140,0.048637904,-0.008941373,-0.001451615,0.007198350,0.171296041,0.985192236
1663,595763.390424000,496514.668064000,1791356091.641134024,0.028349,-0.064891603,0.048650501,-0.008949691,-0.001453283,0.007200914,0.171294813,0.985192429
1664,595763.407091000,496514.684732000,1791356091.657800913,0.027217,-0.064910287,0.048654641,-0.008947185,-0.001457092,0.007211893,0.171295169,0.985192281
1665,595763.423758000,496514.701399000,1791356091.674468994,0.026069,-0.064934967,0.048667614,-0.008962067,-0.001459118,0.007209148,0.171271929,0.985196339
1666,595763.440425000,496514.718066000,1791356091.691135883,0.029971,-0.064953808,0.048683109,-0.008976206,-0.001457163,0.007203125,0.171266695,0.985197295
1667,595763.457093000,496514.734733000,1791356091.707803011,0.028745,-0.064972092,0.048693342,-0.008997167,-0.001449900,0.007198402,0.171271114,0.985196572
1668,595763.473760000,496514.751401000,1791356091.724471092,0.027368,-0.064976911,0.048713739,-0.009013447,-0.001442565,0.007194661,0.171272028,0.985196452
1669,595763.490427000,496514.768068000,1791356091.741137981,0.025974,-0.064979581,0.048732372,-0.009022028,-0.001438957,0.007197560,0.171275260,0.985195874
1670,595763.507094000,496514.784735000,1791356091.757805109,0.029687,-0.064985753,0.048752392,-0.009027513,-0.001450945,0.007201014,0.171271693,0.985196451
1671,595763.523761000,496514.801402000,1791356091.774471998,0.028357,-0.064992224,0.048766916,-0.009028271,-0.001454331,0.007210633,0.171267536,0.985197098
1672,595763.540429000,496514.818070000,1791356091.791140079,0.027024,-0.065006581,0.048789037,-0.009023141,-0.001471615,0.007214158,0.171244917,0.985200979
1673,595763.557096000,496514.834737000,1791356091.807806969,0.025693,-0.065013513,0.048817437,-0.009009887,-0.001467403,0.007219444,0.171234056,0.985202834
1674,595763.573763000,496514.851404000,1791356091.824474096,0.029427,-0.065028478,0.048850172,-0.009000013,-0.001464420,0.007220803,0.171224242,0.985204534
1675,595763.590430000,496514.868071000,1791356091.841140985,0.028500,-0.065045922,0.048881006,-0.009003715,-0.001444114,0.007207897,0.171218738,0.985205615
1676,595763.607098000,496514.884739000,1791356091.857808113,0.027156,-0.065075114,0.048902117,-0.009020670,-0.001445647,0.007202345,0.171199045,0.985209076
1677,595763.623765000,496514.901406000,1791356091.874475956,0.025774,-0.065089191,0.048942226,-0.009011136,-0.001449214,0.007204422,0.171196581,0.985209484
1678,595763.640432000,496514.918073000,1791356091.891143084,0.029485,-0.065099089,0.048984156,-0.009002649,-0.001448145,0.007206002,0.171185540,0.985211392
1679,595763.657099000,496514.934740000,1791356091.907809973,0.033949,-0.065115896,0.049033656,-0.009015701,-0.001435140,0.007200290,0.171161508,0.985215628
1680,595763.673767000,496514.951407000,1791356091.924477100,0.027733,-0.065156433,0.049044729,-0.009092841,-0.001441750,0.007199490,0.171156314,0.985216527
1681,595763.690434000,496514.968075000,1791356091.941144943,0.026409,-0.065175072,0.049077301,-0.009116867,-0.001440332,0.007198506,0.171153236,0.985217071
1682,595763.707101000,496514.984742000,1791356091.957812071,0.030167,-0.065184183,0.049095700,-0.009131549,-0.001438045,0.007202266,0.171165283,0.985214954
1683,595763.723768000,496515.001409000,1791356091.974478960,0.028936,-0.065189045,0.049113942,-0.009151338,-0.001431979,0.007193603,0.171164755,0.985215118
1684,595763.740436000,496515.018076000,1791356091.991146088,0.027743,-0.065185258,0.049131981,-0.009158603,-0.001438739,0.007198525,0.171162376,0.985215485
1685,595763.757103000,496515.034744000,1791356092.007813931,0.031574,-0.065184825,0.049147465,-0.009173026,-0.001426990,0.007194381,0.171147193,0.985218170
1686,595763.773770000,496515.051411000,1791356092.024481058,0.035407,-0.065485843,0.046199082,-0.009402310,-0.001542257,0.007084398,0.172180832,0.985038676
1687,595763.790437000,496515.068078000,1791356092.041147947,0.024401,-0.065482467,0.046213820,-0.009402167,-0.001544661,0.007089557,0.172176714,0.985039355
1688,595763.807105000,496515.084745000,1791356092.057815075,0.028200,-0.065475521,0.046228720,-0.009396260,-0.001549693,0.007089836,0.172174988,0.985039647
1689,595763.823772000,496515.101413000,1791356092.074481964,0.026862,-0.065473671,0.046243805,-0.009393772,-0.001549225,0.007084587,0.172177677,0.985039215
1690,595763.840439000,496515.118080000,1791356092.091150045,0.025567,-0.065467152,0.046256634,-0.009396181,-0.001552866,0.007092538,0.172177453,0.985039192
1691,595763.857106000,496515.134747000,1791356092.107816935,0.029362,-0.065452494,0.046263782,-0.009392763,-0.001552590,0.007096890,0.172179971,0.985038721
1692,595763.873773000,496515.151414000,1791356092.124484062,0.028049,-0.065444507,0.046270179,-0.009397146,-0.001553250,0.007098506,0.172170683,0.985040331
1693,595763.890441000,496515.168082000,1791356092.141150951,0.026703,-0.065444896,0.046285902,-0.009401496,-0.001555145,0.007096978,0.172160502,0.985042119
1694,595763.907108000,496515.184749000,1791356092.157819033,0.025358,-0.065441237,0.046301365,-0.009399493,-0.001551203,0.007098385,0.172161213,0.985041991
1695,595763.923775000,496515.201416000,1791356092.174485922,0.029150,-0.065436824,0.046318177,-0.009390732,-0.001548635,0.007111360,0.172161237,0.985041897
1696,595763.940442000,496515.218083000,1791356092.191153049,0.028009,-0.065439805,0.046334663,-0.009383819,-0.001542911,0.007107733,0.172153358,0.985043309
1697,595763.957110000,496515.234751000,1791356092.207819939,0.026833,-0.065450784,0.046340764,-0.009373451,-0.001548082,0.007102202,0.172150444,0.985043850
1698,595763.973777000,496515.251418000,1791356092.224488020,0.025590,-0.065462932,0.046344880,-0.009373623,-0.001550645,0.007098676,0.172150724,0.985043823
1699,595763.990444000,496515.268085000,1791356092.241154909,0.029362,-0.065462089,0.046348973,-0.009359703,-0.001550178,0.007105623,0.172162738,0.985041674
1700,595764.007111000,496515.284752000,1791356092.257822037,0.028529,-0.065465374,0.046358416,-0.009354514,-0.001551407,0.007106147,0.172163449,0.985041544
1701,595764.023779000,496515.301420000,1791356092.274488926,0.027287,-0.065470017,0.046365274,-0.009344710,-0.001547632,0.007110498,0.172162580,0.985041670
1702,595764.040446000,496515.318087000,1791356092.291157007,0.026015,-0.065480457,0.046361856,-0.009335161,-0.001555833,0.007116153,0.172151776,0.985043504
1703,595764.057113000,496515.334754000,1791356092.307823896,0.024765,-0.065494805,0.046360430,-0.009323656,-0.001559080,0.007118491,0.172150837,0.985043647
1704,595764.073780000,496515.351421000,1791356092.324491024,0.028720,-0.065509802,0.046367248,-0.009319056,-0.001573080,0.007118171,0.172151947,0.985043433
1705,595764.090448000,496515.368088000,1791356092.341157913,0.027443,-0.065515597,0.046373870,-0.009310918,-0.001571551,0.007118949,0.172157674,0.985042429
1706,595764.107115000,496515.384756000,1791356092.357825041,0.026117,-0.065528502,0.046381911,-0.009301133,-0.001576227,0.007122071,0.172151577,0.985043464
