{
    "boardName": "bw1098obc",
    "boardRev": "Rev",
    "cameraData": [
        [
            2,
            {
                "cameraType": 0,
                "distortionCoeff": [
                    -5.59815788269043,
                    19.114412307739258,
                    0.0004949999856762588,
                    0.0006859999848529696,
                    -20.956785202026367,
                    -5.64560079574585,
                    19.298322677612305,
                    -21.13269805908203,
                    0.0,
                    0.0,
                    0.0,
                    0.0,
                    0.0,
                    0.0
                ],
                "extrinsics": {
                    "fromCameraSocket": -1,
                    "measuredTranslation": {
                        "x": 0.0,
                        "y": 0.0,
                        "z": 0.0
                    },
                    "rotationMatrix": [
                        [
                            0.9999859929084778,
                            0.004985000006854534,
                            0.0018870000494644046
                        ],
                        [
                            -0.004995000082999468,
                            0.9999740123748779,
                            0.005245000123977661
                        ],
                        [
                            -0.0018609999679028988,
                            -0.005253999959677458,
                            0.9999840259552002
                        ]
                    ],
                    "toCameraSocket": 0,
                    "translation": {
                        "x": 3.782212972640991,
                        "y": 0.0021440000273287296,
                        "z": 0.12224200367927551
                    }
                },
                "height": 800,
                "intrinsicMatrix": [
                    [
                        855.0001220703125,
                        0.0,
                        644.8145141601563
                    ],
                    [
                        0.0,
                        855.2637939453125,
                        407.3054504394531
                    ],
                    [
                        0.0,
                        0.0,
                        1.0
                    ]
                ],
                "measuredFovDeg": 63.54999923706055,
                "width": 1280
            }
        ],
        [
            1,
            {
                "cameraType": 0,
                "distortionCoeff": [
                    -4.481964111328125,
                    14.138409614562988,
                    0.0020119999535381794,
                    0.00014899999951012433,
                    -13.193082809448242,
                    -4.541109085083008,
                    14.358989715576172,
                    -13.394558906555176,
                    0.0,
                    0.0,
                    0.0,
                    0.0,
                    0.0,
                    0.0
                ],
                "extrinsics": {
                    "fromCameraSocket": -1,
                    "measuredTranslation": {
                        "x": 0.0,
                        "y": 0.0,
                        "z": 0.0
                    },
                    "rotationMatrix": [
                        [
                            0.9999030232429504,
                            0.011195999570190907,
                            0.008256999775767326
                        ],
                        [
                            -0.011239999905228615,
                            0.999921977519989,
                            0.005379999987781048
                        ],
                        [
                            -0.008196000009775162,
                            -0.0054720002226531506,
                            0.9999510049819946
                        ]
                    ],
                    "toCameraSocket": 2,
                    "translation": {
                        "x": -7.494307994842529,
                        "y": 0.09579499810934067,
                        "z": 0.1322219967842102
                    }
                },
                "height": 800,
                "intrinsicMatrix": [
                    [
                        855.8495483398438,
                        0.0,
                        632.4359741210938
                    ],
                    [
                        0.0,
                        856.2890014648438,
                        399.7002258300781
                    ],
                    [
                        0.0,
                        0.0,
                        1.0
                    ]
                ],
                "measuredFovDeg": 80.55000305175781,
                "width": 1280
            }
        ],
        [
            0,
            {
                "cameraType": 0,
                "distortionCoeff": [
                    -1.8728599548339844,
                    16.683032989501953,
                    0.0010529999854043126,
                    -0.0020630001090466976,
                    61.87852096557617,
                    -2.158906936645508,
                    18.424636840820313,
                    57.682857513427734,
                    0.0,
                    0.0,
                    0.0,
                    0.0,
                    0.0,
                    0.0
                ],
                "extrinsics": {
                    "fromCameraSocket": -1,
                    "measuredTranslation": {
                        "x": 0.0,
                        "y": 0.0,
                        "z": 0.0
                    },
                    "rotationMatrix": [],
                    "toCameraSocket": -1,
                    "translation": {
                        "x": 0.0,
                        "y": 0.0,
                        "z": 0.0
                    }
                },
                "height": 1080,
                "intrinsicMatrix": [
                    [
                        1479.458984375,
                        0.0,
                        950.6944580078125
                    ],
                    [
                        0.0,
                        1477.587158203125,
                        530.6976318359375
                    ],
                    [
                        0.0,
                        0.0,
                        1.0
                    ]
                ],
                "measuredFovDeg": 70.55000305175781,
                "width": 1920
            }
        ]
    ],
    "imuExtrinsics": {
        "fromCameraSocket": -1,
        "measuredTranslation": {
            "x": 0.0,
            "y": 0.0,
            "z": 0.0
        },
        "rotationMatrix": [
            [
                0.0,
                0.0,
                0.0
            ],
            [
                0.0,
                0.0,
                0.0
            ],
            [
                0.0,
                0.0,
                0.0
            ]
        ],
        "toCameraSocket": 0,
        "translation": {
            "x": 0.0,
            "y": 0.0,
            "z": 0.0
        }
    },
    "stereoRectificationData": {
        "leftCameraSocket": 1,
        "rectifiedRotationLeft": [
            [
                0.9999539852142334,
                -0.0014890000456944108,
                -0.009451000019907951
            ],
            [
                0.0015140000032261014,
                0.9999949932098389,
                0.002681999932974577
            ],
            [
                0.009446999989449978,
                -0.0026970000471919775,
                0.9999520182609558
            ]
        ],