{
    "boardName": "BW1098OBC",
    "boardRev": "R0M0E0",
    "cameraData": [
        [
            1,
            {
                "distortionCoeff": [
                    -4.481963634490967,
                    14.138409614562988,
                    0.002011796459555626,
                    0.0001492212904850021,
                    -13.193082809448242,
                    -4.541109085083008,
                    14.358989715576172,
                    -13.394558906555176,
                    0.0,
                    0.0,
                    0.0,
                    0.0,
                    0.0,
                    0.0
                ],
                "extrinsics": {
                    "fromCameraSocket": -1,
                    "measuredTranslation": {
                        "x": 7.500000476837158,
                        "y": 0.0,
                        "z": 0.0
                    },
                    "rotationMatrix": [
                        [
                            0.9999032020568848,
                            0.01119579840451479,
                            0.008257245644927025
                        ],
                        [
                            -0.011240438558161259,
                            0.9999223351478577,
                            0.005379702430218458
                        ],
                        [
                            -0.008196374401450157,
                            -0.005471996963024139,
                            0.9999514222145081
                        ]
                    ],
                    "toCameraSocket": 2,
                    "translation": {
                        "x": -7.494307994842529,
                        "y": 0.0957949087023735,
                        "z": 0.13222165405750275
                    }
                },
                "height": 0,
                "intrinsicMatrix": [
                    [
                        855.8495483398438,
                        0.0,
                        632.4359741210938
                    ],
                    [
                        0.0,
                        856.2890014648438,
                        399.7002258300781
                    ],
                    [
                        0.0,
                        0.0,
                        1.0
                    ]
                ],
                "measuredFovDeg": 71.86000061035156,
                "width": 0
            }
        ],
        [
            2,
            {
                "distortionCoeff": [
                    -5.598158359527588,
                    19.114412307739258,
                    0.0004949007416144013,
                    0.0006855220417492092,
                    -20.956785202026367,
                    -5.645601272583008,
                    19.298322677612305,
                    -21.13269805908203,
                    0.0,
                    0.0,
                    0.0,
                    0.0,
                    0.0,
                    0.0
                ],
                "extrinsics": {
                    "fromCameraSocket": 1,
                    "measuredTranslation": {
                        "x": 0.0,
                        "y": 0.0,
                        "z": 0.0
                    },
                    "rotationMatrix": [
                        [
                            0.9999858140945435,
                            -0.004995287396013737,
                            -0.0018610546831041574
                        ],
                        [
                            0.0049854484386742115,
                            0.9999737739562988,
                            -0.005254480522125959
                        ],
                        [
                            0.0018872534856200218,
                            0.0052451277151703835,
                            0.9999844431877136
                        ]
                    ],
                    "toCameraSocket": 0,
                    "translation": {
                        "x": 3.782212734222412,
                        "y": -0.002144360216334462,
                        "z": -0.122242271900177
                    }
                },
                "height": 0,
                "intrinsicMatrix": [
                    [
                        855.0001220703125,
                        0.0,
                        644.8145141601563
                    ],
                    [
                        0.0,
                        855.2637939453125,
                        407.3054504394531
                    ],
                    [
                        0.0,
                        0.0,
                        1.0
                    ]
                ],
                "measuredFovDeg": 71.86000061035156,
                "width": 0
            }
        ],
        [
            0,
            {
                "distortionCoeff": [
                    -1.872860074043274,
                    16.683032989501953,
                    0.001052993698976934,
                    -0.002063280437141657,
                    61.87852096557617,
                    -2.1589066982269287,
                    18.424636840820313,
                    57.682857513427734,
                    0.0,
                    0.0,
                    0.0,
                    0.0,
                    0.0,
                    0.0
                ],
                "extrinsics": {
                    "fromCameraSocket": -1,
                    "measuredTranslation": {
                        "x": 3.750000238418579,
                        "y": 0.0,
                        "z": 0.0
                    },
                    "rotationMatrix": [],
                    "toCameraSocket": -1,
                    "translation": {
                        "x": 0.0,
                        "y": 0.0,
                        "z": 0.0
                    }
                },
                "height": 0,
                "intrinsicMatrix": [
                    [
                        1479.458984375,
                        0.0,
                        950.6944580078125
                    ],
                    [
                        0.0,
                        1477.587158203125,
                        530.6976318359375
                    ],
                    [
                        0.0,
                        0.0,
                        1.0
                    ]
                ],
                "measuredFovDeg": 68.7938003540039,
                "width": 0
            }
        ]
    ],
    "imuExtrinsics": {
        "fromCameraSocket": -1,
        "measuredTranslation": {
            "x": 0.0,
            "y": 0.0,
            "z": 0.0
        },
        "rotationMatrix": [],
        "toCameraSocket": -1,
        "translation": {
            "x": 0.0,
            "y": 0.0,
            "z": 0.0
        }
    },
    "stereoRectificationData": {
        "leftCameraSocket": -1,
        "rectifiedRotationLeft": [
            [
                0.9999542236328125,
                -0.0014886693097651005,
                -0.009451363235712051
            ],
            [
                0.0015140845207497478,
                0.999995231628418,
                0.002682463498786092
            ],
            [
                0.009447325021028519,
                -0.0026966508012264967,
                0.9999517202377319
            ]
        ],
        "rectifiedRotationRight": [
            [
                0.999762773513794,
                -0.012779323384165764,
                -0.017638757824897766
            ],
            [
                0.012731833383440971,
                0.9999150037765503,
                -0.002802047645673156
            ],
            [
                0.0176730677485466,
                0.0025768091436475515,
                0.999840497970581
            ]
        ],
        "rightCameraSocket": -1
    },
    "swapLeftRightCam": true,