{
    "boardName": "BW1098OBC",
    "boardRev": "R0M0E0",
    "cameraData": [
        [
            0,
            {
                "distortionCoeff": [
                    0.0,
                    0.0,
                    0.0,
                    0.0,
                    0.0,
                    0.0,
                    0.0,
                    0.0,
                    0.0,
                    0.0,
                    0.0,
                    0.0,
                    0.0,
                    0.0
                ],
                "extrinsics": {
                    "fromCameraSocket": -1,
                    "measuredTranslation": {
                        "x": 0.0,
                        "y": 0.0,
                        "z": 0.0
                    },
                    "rotationMatrix": [],
                    "toCameraSocket": -1,
                    "translation": {
                        "x": 0.0,
                        "y": 0.0,
                        "z": 0.0
                    }
                },
                "height": 1080,
                "intrinsicMatrix": [
                    [
                        0.0,
                        0.0,
                        0.0
                    ],
                    [
                        0.0,
                        0.0,
                        0.0
                    ],
                    [
                        0.0,
                        0.0,
                        0.0
                    ]
                ],
                "measuredFovDeg": 68.7938003540039,
                "width": 1920
            }
        ],
        [
            1,
            {
                "distortionCoeff": [
                    -4.6270599365234375,
                    13.011961936950684,
                    0.0006971227703616023,
                    0.001788480207324028,
                    -11.515501976013184,
                    -4.678206920623779,
                    13.23253059387207,
                    -11.731358528137207,
                    0.0,
                    0.0,
                    0.0,
                    0.0,
                    0.0,
                    0.0
                ],
                "extrinsics": {
                    "fromCameraSocket": -1,
                    "measuredTranslation": {
                        "x": 7.5,
                        "y": 0.0,
                        "z": 0.0
                    },
                    "rotationMatrix": [
                        [
                            0.9998622536659241,
                            0.008099059574306011,
                            0.014488406479358673
                        ],
                        [
                            -0.008160610683262348,
                            0.9999579191207886,
                            0.004194211680442095
                        ],
                        [
                            -0.014453827403485775,
                            -0.004311867989599705,
                            0.9998862147331238
                        ]
                    ],
                    "toCameraSocket": 2,
                    "translation": {
                        "x": -7.482183456420898,
                        "y": 0.04534997045993805,
                        "z": 0.0792696550488472
                    }
                },
                "height": 800,
                "intrinsicMatrix": [
                    [
                        861.6222534179688,
                        0.0,
                        636.5577392578125
                    ],
                    [
                        0.0,
                        861.8853759765625,
                        408.870361328125
                    ],
                    [
                        0.0,
                        0.0,
                        1.0
                    ]
                ],
                "measuredFovDeg": 71.86000061035156,
                "width": 1280
            }
        ],
        [
            2,
            {
                "distortionCoeff": [
                    -5.720682621002197,
                    18.420848846435547,
                    -7.596585055580363e-05,
                    -0.0002031074691331014,
                    -20.248403549194336,
                    -5.768956184387207,
                    18.637218475341797,
                    -20.48113250732422,
                    0.0,
                    0.0,
                    0.0,
                    0.0,
                    0.0,
                    0.0
                ],
                "extrinsics": {
                    "fromCameraSocket": -1,
                    "measuredTranslation": {
                        "x": 0.0,
                        "y": 0.0,
                        "z": 0.0
                    },
                    "rotationMatrix": [
                        [
                            0.0,
                            0.0,
                            0.0
                        ],
                        [
                            0.0,
                            0.0,
                            0.0
                        ],
                        [
                            0.0,
                            0.0,
                            0.0
                        ]
                    ],
                    "toCameraSocket": 0,
                    "translation": {
                        "x": -0.0,
                        "y": -0.0,
                        "z": -0.0
                    }
                },
                "height": 800,
                "intrinsicMatrix": [
                    [
                        862.8031005859375,
                        0.0,
                        641.6876831054688
                    ],
                    [
                        0.0,
                        863.294921875,
                        408.9293212890625
                    ],
                    [
                        0.0,
                        0.0,
                        1.0
                    ]
                ],
                "measuredFovDeg": 71.86000061035156,
                "width": 1280
            }
        ]
    ],
    "imuExtrinsics": {
        "fromCameraSocket": -1,
        "measuredTranslation": {
            "x": 0.0,
            "y": 0.0,
            "z": 0.0
        },
        "rotationMatrix": [],
        "toCameraSocket": -1,
        "translation": {
            "x": 0.0,
            "y": 0.0,
            "z": 0.0
        }
    },
    "stereoRectificationData": {
        "leftCameraSocket": 1,
        "rectifiedRotationLeft": [
            [
                0.9999903440475464,
                0.00208378117531538,
                0.0038694478571414948
            ],
            [
                -0.0020920063834637403,
                0.9999955296516418,
                0.0021228936966508627
            ],
            [
                -0.0038650070782750845,
                -0.0021309680305421352,
                0.9999902844429016
            ]
        ],
        "rectifiedRotationRight": [
            [
                0.9999254941940308,
                -0.006060609128326178,
                -0.010593665763735771
            ],
            [
                0.006038063205778599,
                0.9999794363975525,
                -0.0021589593961834908
            ],
            [
                0.010606531985104084,
                0.0020948334131389856,
                0.9999415278434753
            ]
        ],
        "rightCameraSocket": 2
    },
    "swapLeftRightCam": true,
    "version": 5
}
