{
    "boardName": "BW1098OBC",
    "boardRev": "R0M0E0",
    "cameraData": [
        [
            0,
            {
                "distortionCoeff": [
                    1.4304848909378052,
                    -6.439645290374756,
                    0.0002652808907441795,
                    -0.0003290600434411317,
                    117.89056396484375,
                    1.0949900150299072,
                    -4.368233680725098,
                    113.03160858154297,
                    0.0,
                    0.0,
                    0.0,
                    0.0,
                    0.0,
                    0.0
                ],
                "extrinsics": {
                    "fromCameraSocket": -1,
                    "measuredTranslation": {
                        "x": 0.0,
                        "y": 0.0,
                        "z": 0.0
                    },
                    "rotationMatrix": [],
                    "toCameraSocket": -1,
                    "translation": {
                        "x": 0.0,
                        "y": 0.0,
                        "z": 0.0
                    }
                },
                "height": 1080,
                "intrinsicMatrix": [
                    [
                        1481.531494140625,
                        0.0,
                        959.9842529296875
                    ],
                    [
                        0.0,
                        1479.6571044921875,
                        538.2171020507813
                    ],
                    [
                        0.0,
                        0.0,
                        1.0
                    ]
                ],
                "measuredFovDeg": 68.7938003540039,
                "width": 1920
            }
        ],
        [
            1,
            {
                "distortionCoeff": [
                    -5.441740036010742,
                    17.092899322509766,
                    0.0027160225436091423,
                    0.0003862758749164641,
                    -17.891918182373047,
                    -5.490627765655518,
                    17.30108070373535,
                    -18.105636596679688,
                    0.0,
                    0.0,
                    0.0,
                    0.0,
                    0.0,
                    0.0
                ],
                "extrinsics": {
                    "fromCameraSocket": -1,
                    "measuredTranslation": {
                        "x": 7.5,
                        "y": 0.0,
                        "z": 0.0
                    },
                    "rotationMatrix": [
                        [
                            0.9999790787696838,
                            -0.0024372858460992575,
                            0.005995613988488913
                        ],
                        [
                            0.0023605329915881157,
                            0.999915599822998,
                            0.012775455601513386
                        ],
                        [
                            -0.006026245653629303,
                            -0.012761035934090614,
                            0.9999004006385803
                        ]
                    ],
                    "toCameraSocket": 2,
                    "translation": {
                        "x": -7.445795059204102,
                        "y": -0.11004671454429626,
                        "z": 0.05362159386277199
                    }
                },
                "height": 800,
                "intrinsicMatrix": [
                    [
                        860.1900634765625,
                        0.0,
                        645.3654174804688
                    ],
                    [
                        0.0,
                        861.0120849609375,
                        398.6750183105469
                    ],
                    [
                        0.0,
                        0.0,
                        1.0
                    ]
                ],
                "measuredFovDeg": 71.86000061035156,
                "width": 1280
            }
        ],
        [
            2,
            {
                "distortionCoeff": [
                    -5.4523115158081055,
                    17.918066024780273,
                    0.0013282824074849486,
                    0.00023385687381960452,
                    -19.1514949798584,
                    -5.501633167266846,
                    18.129287719726563,
                    -19.368406295776367,
                    0.0,
                    0.0,
                    0.0,
                    0.0,
                    0.0,
                    0.0
                ],
                "extrinsics": {
                    "fromCameraSocket": -1,
                    "measuredTranslation": {
                        "x": 0.0,
                        "y": 0.0,
                        "z": 0.0
                    },
                    "rotationMatrix": [
                        [
                            0.9999932050704956,
                            -0.00010228969767922536,
                            -0.0036811477039009333
                        ],
                        [
                            2.9978566089994274e-05,
                            0.9998071193695068,
                            -0.019638333469629288
                        ],
                        [
                            0.003682446666061878,
                            0.019638091325759888,
                            0.9998003840446472
                        ]
                    ],
                    "toCameraSocket": 0,
                    "translation": {
                        "x": 3.740534782409668,
                        "y": 0.06259772926568985,
                        "z": -0.040636103600263596
                    }
                },
                "height": 800,
                "intrinsicMatrix": [
                    [
                        861.689453125,
                        0.0,
                        637.51025390625
                    ],
                    [
                        0.0,
                        862.325927734375,
                        393.4935607910156
                    ],
                    [
                        0.0,
                        0.0,
                        1.0
                    ]
                ],
                "measuredFovDeg": 71.86000061035156,
                "width": 1280
            }
        ]
    ],
    "imuExtrinsics": {
        "fromCameraSocket": -1,
        "measuredTranslation": {
            "x": 0.0,
            "y": 0.0,
            "z": 0.0
        },
        "rotationMatrix": [],
        "toCameraSocket": -1,
        "translation": {
            "x": 0.0,
            "y": 0.0,
            "z": 0.0
        }
    },
    "stereoRectificationData": {
        "leftCameraSocket": 1,
        "rectifiedRotationLeft": [
            [
                0.9999222159385681,
                0.012431399896740913,
                -0.0010163075057789683
            ],
            [
                -0.012424677610397339,
                0.9999024868011475,
                0.00637257331982255
            ],
            [
                0.0010954283643513918,
                -0.006359450053423643,
                0.9999791979789734
            ]
        ],
        "rectifiedRotationRight": [
            [
                0.9998648762702942,
                0.014777716249227524,
                -0.007200620602816343
            ],
            [
                -0.01482325792312622,
                0.9998701810836792,
                -0.006312978453934193
            ],
            [
                0.00710639450699091,
                0.006418862380087376,
                0.9999541640281677
            ]
        ],
        "rightCameraSocket": 2
    },
    "swapLeftRightCam": true,