{
    "boardName": "BW1098OBC",
    "boardRev": "R0M0E0",
    "cameraData": [
        [
            0,
            {
                "distortionCoeff": [
                    9.341893196105957,
                    -93.96833038330078,
                    0.001018682960420847,
                    -0.0009519436280243099,
                    313.4095764160156,
                    8.83998966217041,
                    -90.284912109375,
                    304.6096496582031,
                    0.0,
                    0.0,
                    0.0,
                    0.0,
                    0.0,
                    0.0
                ],
                "extrinsics": {
                    "fromCameraSocket": -1,
                    "measuredTranslation": {
                        "x": 0.0,
                        "y": 0.0,
                        "z": 0.0
                    },
                    "rotationMatrix": [],
                    "toCameraSocket": -1,
                    "translation": {
                        "x": 0.0,
                        "y": 0.0,
                        "z": 0.0
                    }
                },
                "height": 1080,
                "intrinsicMatrix": [
                    [
                        1469.97900390625,
                        0.0,
                        954.9890747070313
                    ],
                    [
                        0.0,
                        1468.1192626953125,
                        527.6123657226563
                    ],
                    [
                        0.0,
                        0.0,
                        1.0
                    ]
                ],
                "measuredFovDeg": 68.7938003540039,
                "width": 1920
            }
        ],
        [
            1,
            {
                "distortionCoeff": [
                    -4.837339878082275,
                    14.917905807495117,
                    -0.00048771771253086627,
                    -0.00013784873590338975,
                    -15.122965812683105,
                    -4.8896589279174805,
                    15.134709358215332,
                    -15.33691120147705,
                    0.0,
                    0.0,
                    0.0,
                    0.0,
                    0.0,
                    0.0
                ],
                "extrinsics": {
                    "fromCameraSocket": -1,
                    "measuredTranslation": {
                        "x": 7.5,
                        "y": 0.0,
                        "z": 0.0
                    },
                    "rotationMatrix": [
                        [
                            0.9999335408210754,
                            -0.0020758542232215405,
                            0.011339202523231506
                        ],
                        [
                            0.0019991763401776552,
                            0.9999750852584839,
                            0.006769340950995684
                        ],
                        [
                            -0.011352972127497196,
                            -0.006746221799403429,
                            0.9999127984046936
                        ]
                    ],
                    "toCameraSocket": 2,
                    "translation": {
                        "x": -7.459310054779053,
                        "y": -0.24664966762065887,
                        "z": 0.06717608124017715
                    }
                },
                "height": 800,
                "intrinsicMatrix": [
                    [
                        858.9890747070313,
                        0.0,
                        646.776123046875
                    ],
                    [
                        0.0,
                        859.7152709960938,
                        411.6924743652344
                    ],
                    [
                        0.0,
                        0.0,
                        1.0
                    ]
                ],
                "measuredFovDeg": 71.86000061035156,
                "width": 1280
            }
        ],
        [
            2,
            {
                "distortionCoeff": [
                    28.8575439453125,
                    -87.75453186035156,
                    0.0012090540258213878,
                    0.0011756594758480787,
                    380.58612060546875,
                    28.934770584106445,
                    -90.36392211914063,
                    387.08837890625,
                    0.0,
                    0.0,
                    0.0,
                    0.0,
                    0.0,
                    0.0
                ],
                "extrinsics": {
                    "fromCameraSocket": -1,
                    "measuredTranslation": {
                        "x": 0.0,
                        "y": 0.0,
                        "z": 0.0
                    },
                    "rotationMatrix": [
                        [
                            0.9993606209754944,
                            0.03541553020477295,
                            -0.0049094343557953835
                        ],
                        [
                            -0.0354255773127079,
                            0.9993703365325928,
                            -0.0019747482147067785
                        ],
                        [
                            0.00483640655875206,
                            0.0021474051754921675,
                            0.9999859929084778
                        ]
                    ],
                    "toCameraSocket": 0,
                    "translation": {
                        "x": 3.7048728466033936,
                        "y": 0.06575039774179459,
                        "z": -0.11530746519565582
                    }
                },
                "height": 800,
                "intrinsicMatrix": [
                    [
                        865.6600952148438,
                        0.0,
                        639.4890747070313
                    ],
                    [
                        0.0,
                        866.1361083984375,
                        409.4836120605469
                    ],
                    [
                        0.0,
                        0.0,
                        1.0
                    ]
                ],
                "measuredFovDeg": 71.86000061035156,
                "width": 1280
            }
        ]
    ],
    "imuExtrinsics": {
        "fromCameraSocket": -1,
        "measuredTranslation": {
            "x": 0.0,
            "y": 0.0,
            "z": 0.0
        },
        "rotationMatrix": [],
        "toCameraSocket": -1,
        "translation": {
            "x": 0.0,
            "y": 0.0,
            "z": 0.0
        }
    },
    "stereoRectificationData": {
        "leftCameraSocket": 1,
        "rectifiedRotationLeft": [
            [
                0.9995151162147522,
                0.031031876802444458,
                0.0025566520635038614
            ],
            [
                -0.031040119007229805,
                0.9995128512382507,
                0.0032499704975634813
            ],
            [
                -0.0024545539636164904,
                -0.003327753394842148,
                0.9999914765357971
            ]
        ],
        "rectifiedRotationRight": [
            [
                0.9994133114814758,
                0.03304661810398102,
                -0.009000386111438274
            ],
            [
                -0.03307604789733887,
                0.9994478821754456,
                -0.0031408509239554405
            ],
            [
                0.00889162253588438,
                0.003436705330386758,
                0.9999545812606812
            ]
        ],
        "rightCameraSocket": 2
    },
    "swapLeftRightCam": true,